,Name,DrinkType,Category,Glass,IBA,Recipe,Ingredients,Measure
0,'57 Chevy With A White License Plate,Alcoholic,Cocktail,Highball Glass,Unfilled,1. Fill A Rocks Glass With Ice 2.add White Creme De Cacao And Vodka 3.stir,Creme De Cacao,1 Oz White
1,1-900-fuk-meup,,Shot,Old-fashioned Glass,,Shake Ingredients In A Mixing Tin Filled With Ice Cubes. Strain Into A Rocks Glass.,Absolut Kurant,1/2 Oz
2,110 In The Shade,,Beer,Beer Glass,,Drop Shooter In Glass. Fill With Beer,Lager,16 Oz
3,151 Florida Bushwacker,,Milk / Float / Shake,Beer Mug,,Combine All Ingredients. Blend Until Smooth. Garnish With Chocolate Shavings If Desired.,Malibu Rum,
4,155 Belmont,,,White Wine Glass,,Blend With Ice. Serve In A Wine Glass. Garnish With Carrot.,Dark Rum,1 Shot
5,24k Nightmare,,,Shot Glass,,"Add Over Ice,shake And Pour.",Goldschlager,
6,252,,,,,"Add Both Ingredients To Shot Glass, Shoot, And Get Drunk Quick",151 Proof Rum,1/2 Shot Bacardi
7,3 Wise Men,,,Collins Glass,,Put Them Them In A Glass... And Slam It To Tha Head.,Jack Daniels,1/3 Oz
8,3-mile Long Island Iced Tea,,Ordinary Drink,,,Fill 14oz Glass With Ice And Alcohol. Fill 2/3 Glass With Cola And Remainder With Sweet & Sour. Top With Dash Of Bitters And Lemon Wedge.,Gin,
9,410 Gone,,,,,Unfilled,Peach Vodka,2-3 Oz
10,50/50,,,,,Fill Glass With Crushed Ice. Add Vodka. Add A Splash Of Grand-marnier. Fill With O.j.,Vanilla Vodka,2 1/2 Oz
11,501 Blue,,,,,Mix Equal Amounts Into A Glass With Ice.,Blue Curacao,
12,69 Special,,,,,"Pour 2 Oz. Gin. Add 4 Oz. 7-up. Add Lemon Juice For Flavor. If You Are Weak, Top Up Glass With More 7-up.",,2 Oz Dry
13,747,,,,,"Pour Kaluha, Then Baileys, Then Frangelico Not Chilled And Not Layered -- Serve!!!",Kahlua,1/3 Part
14,9 1/2 Weeks,,,Cocktail Glass,,Combine All Ingredients In Glass Mixer. Chill And Strain Into Cocktail Glass. Garnish With Sliced Strawberry.,Absolut Citron,2 Oz
15,A Day At The Beach,,,,,"Shake Rum, Amaretto, And Orange Juice In A Shaker Filled With Ice. Strain Over Ice Into A Highball Glass. Add Grenadine And Garnish With A Pineapple Wedge And A Strawberry.",Coconut Rum,1 Oz
16,A Furlong Too Late,,,,,Pour The Rum And Ginger Beer Into A Highball Glass Almost Filled With Ice Cubes. Stir Well. Garnish With The Lemon Twist.,Light Rum,
17,A Gilligan's Island,,,,,"Shaken, Not Stirred!",Vodka,
18,A Night In Old Mandalay,,,,,"In A Shaker Half-filled With Ice Cubes, Combine The Light Rum, Añejo Rum, Orange Juice, And Lemon Juice. Shake Well. Strain Into A Highball Glass Almost Filled With Ice Cubes. Top With The Ginger Ale. Garnish With The Lemon Twist.",,
19,A Piece Of Ass,,Other/unknown,,,Put Ice In Glass. Pour In Shots. Fill With Sour Mix.,Amaretto,
20,A Splash Of Nash,,,,,Drop Shot Glass With Banana & Melon Liquers Into A 9 Oz Hi- Ball Glass Containing Soda Water And Cranberry Juice. Drink In One Shot.,Cranberry Juice,
21,A True Amaretto Sour,,,,,"Rub The Rim Of An Old Fashioned Glass With Lemon, And Dip Repeatedly Into Granulated Sugar Until It Has A Good ""frosted"" Rim. Shake A Jigger Of Amaretto With The Juice Of 1/2 A Lemon. Strain Into Glass And Add Ice. Garnish With A Marachino Cherry.",,1 Jigger
22,A Midsummernight Dream,,,,,"Mix The Strawberrys In A Blender Pour It Together With The Vodka,kirch And Strawberry Liquer Over Ice In A Shaker. Shake Well And Pour In A Highballglass. Fill Up With The Russchian Water",,
23,A. J.,,,,,"Shake Ingredients With Ice, Strain Into A Cocktail Glass, And Serve.",Applejack,1 1/2 Oz
24,A.d.m. (after Dinner Mint),,,Irish Coffee Cup,,Shake Vigorously,White Creme De Menthe,
25,A1,,,,,"Pour All Ingredients Into A Cocktail Shaker, Mix And Serve Over Ice Into A Chilled Glass.",,1 3/4 Shot
26,Abc,,,,,Layered In A Shot Glass.,,1/3
27,Acid,,,,,Poor In The 151 First Followed By The 101 Served With A Coke Or Dr Pepper Chaser.,,1 Oz Bacardi
28,At&t,,,,,"Pour Vodka And Gin Over Ice, Add Tonic And Stir",Absolut Vodka,
29,Abbey Cocktail,,,,,Shake All Ingredients (except For The Cherry) With Ice And Strain Into A Cocktail Glass. Top With The Cherry And Serve.,,
30,Abbey Martini,,,,,"Put All Ingredients Into A Shaker And Mix, Then Strain Contents Into A Chilled Cocktail Glass.",,2 Shots
31,Abilene,,,,,Pour All Of The Ingredients Into A Highball Glass Almost Filled With Ice Cubes. Stir Well.,,
32,Absinthe #2,,Homemade Liqueur,Jar,,"Mix Together And Let Sit A Few Days. Strain Through A Coffee Filter. To Serve Mix 1 Part Absinthe To 4 Parts Water, Add Ice, Enjoy.",,1 Bottle
33,Absolut Evergreen,,,,,"Mix, Pour Over Ice And Top Up With Bitter Lemon.",,2/3 Part
34,Absolut Sex,,,,,"Shake Absolut Kurant, Midori, And Cranberry Juice In Shaker With Ice: Strain Into Rocks Glass: Splash Of Seven On Top.absolut Sex.",,3/4 Oz
35,Absolut Stress #2,,,,,Mix Well. Garnish With Orange And Cherry. Enjoy,,
36,Absolut Summertime,,,,,Add All Ingredients Except Lemon To Shaker Filled With Ice. Cover And Shake Vigorously. Strain Contents Into Ice Filled Collins Glass. Garnish With Lemon.,,
37,Absolut Limousine,,,,,Fill Absolut Into A Glass. Add Lime Juice. Add Ice And Lime Wedges.,,2/3
38,Absolutely Cranberry Smash,,,,,Stir Ingredients Together. Serve Over Ice.,,
39,Absolutely Fabulous,,,Champagne Flute,,Mix The Vodka And Cranberry Juice Together In A Shaker And Strain Into A Glass. Top Up With Champagne.,,
40,Absolutly Screwed Up,,,,,"Shake It Up It Tasts Better That Way, But You Can Stir It If You Want. 6 Of Those And You Will Be Wasted For The Rest Of The Night.",,
41,Acapulco,,,,,Combine And Shake All Ingredients (except Mint) With Ice And Strain Into An Old-fashioned Glass Over Ice Cubes. Add The Sprig Of Mint And Serve.,,
42,Ace,,,Martini Glass,,Shake All The Ingredients In A Cocktail Shaker And Ice Then Strain In A Cold Glass.,,
43,Adam,,,,,"In A Shaker Half-filled With Ice Cubes, Combine All Of The Ingredients. Shake Well. Strain Into A Cocktail Glass.",,
44,Adam & Eve,,,,,Shake Together All The Ingredients And Strain Into A Cold Glass.,,
45,Adam Bomb,,Punch / Party Drink,Margarita/coupette Glass,,"Add Ice To Blender (or To Glass If Prefer On The Rocks) Then Fruit, And Fruite Juice Depending On Personal Prefference Then Add The Rum, Vodka, Tequila, And Triple Sec. Blend Till Smooth, Rim Glass With Sugar Or Salt And Pour Mixture In. Garnish With Lemon Or Lime Slice.",Rum,1 Part
46,Adam Sunrise,,,,,"Fill Blender Up With Ice. Fill Half With Bartons Vodka. Put 10 Tsp Of Sugar, Add 1/2 Can Lemonade Concentrate, Fill To Top With Water. Blend For 60 Seconds.",,1/2
47,Addington,,,,,Mix Both The Vermouth's In A Shaker And Strain Into A Cold Glass. Top Up With A Squirt Of Soda Water.,Sweet Vermouth,
48,Addison,,,,,,,1 1/2 Shot
49,Addison Special,,,,,Combine Ingredients In The Order Listed Into A Shaker. Fill Half Full With Ice And Shake Well. Strain Into Glass With Ice And Garnish With A Cherry And Orange Wedge.,,
50,Adios Amigos Cocktail,,,,,,,
51,Adonis Cocktail,,,,,"Stir All Ingredients With Ice, Strain Contents Into A Cocktail Glass, And Serve.",,
52,Affair,,,,,"Pour Schnapps, Orange Juice, And Cranberry Juice Over Ice In A Highball Glass. Top With Club Soda And Serve.",Strawberry Schnapps,
53,Affinity,,,,,"In A Mixing Glass Half-filled With Ice Cubes, Combine All Of The Ingredients. Stir Well. Strain Into A Cocktail Glass.",Scotch,
54,After Dinner Cocktail,,,,,Shake All Ingredients (except Lime Wedge) With Ice And Strain Into A Cocktail Glass. Add The Wedge Of Lime And Serve.,Apricot Brandy,
55,After Five,,,,,"1. Pour Kahlua Into Shot Glass To About 1/2 Full. 2. Using A Spoon(inverted), Slowly Pour In The Peppermint Schnapps Until Glass Is About 3/4 Full. Done Correctly, The Schnapps Will Flow Under The Kahlua For A Clear Layer. 3. Again Using A Spoon, But This Time Right Side Up, Slowly Top Off The Glass With A Layer Of Bailey's. Be Careful To Place The Spoon Right At The Top Of The Kahlua Layer And To Raise It As The Glass Fills Up. Done Correctly, This Will Provide A Layer Of Bailey's Floating Over The Kahlua. 4. Toss It Down All At Once For Something Like A Peppermint Pattie, With A Bang!!! Note: Best If All Ingredients Are Chilled",Peppermint Schnapps,
56,After Supper Cocktail,,,,,"Shake All Ingredients With Ice, Strain Into A Cocktail Glass, And Serve.",Triple Sec,
57,After Sex,,,,,Pour The Vodka And Creme Over Some Ice Cubes In A Tall Glass And Fill Up With Juice. To Make It Beuty Full Make The Top Of The Glass With A Grenadine And Sugar,,2 Cl
58,Afterglow,Non Alcoholic,,,,Mix. Serve Over Ice.,Grenadine,
59,Afternoon,,Coffee / Tea,,,"Build Into A Suiting Glass, With No Ice. Cream On Top If Wanted. Served Directly.",,1 Cl
60,Alabama Slammer,,,,,"Pour All Ingredients (except For Lemon Juice) Over Ice In A Highball Glass. Stir, Add A Dash Of Lemon Juice, And Serve.",Southern Comfort,
61,Alaska Cocktail,,,,,"Stir All Ingredients With Ice, Strain Contents Into A Cocktail Glass. Drop In A Twist Of Lemon And Serve.",Orange Bitters,2 Dashes
62,Alexander,,,,Unforgettables,Shake All Ingredients With Ice And Strain Contents Into A Cocktail Glass. Sprinkle Nutmeg On Top And Serve.,,
63,Alfie Cocktail,,,,,"Combine And Shake All Ingredients With Ice, Strain Into A Cocktail Glass, And Serve.",Lemon Vodka,
64,Algonquin,,,,,"Combine And Shake All Ingredients With Ice, Strain Contents Into A Cocktail Glass, And Serve.",Blended Whiskey,
65,Alice Cocktail,,,,,"Shake Well, Strain Into A Large Cocktail Glass.",,
66,Alice In Wonderland,,,,,Just Mix The Three Ingredients One To One To One,,
67,Allegheny,,,,,Shake All Ingredients (except Lemon Peel) With Ice And Strain Into A Cocktail Glass. Top With The Twist Of Lemon Peel And Serve.,Dry Vermouth,
68,Allies Cocktail,,,,,,,
69,Almeria,,,,,,,
70,Almond Chocolate Coffee,,,Coffee Mug,,Pour In Order Into Coffee Cup. Top With Whipped Creme And Chocolate Shcvings.,,
71,Almond Joy,,,,,,,
72,Aloha Fruit Punch,,,,,"Add 1/4 Cup Water To Ginger Root. Boil 3 Minutes. Strain. Add The Liquid To The Guava, Lemon And Pineapple Juices. Make A Syrup Of Sugar And Remaining Water. Cool. Combine With Juices And Pineapple. Chill Throroughly.",Water,3/4 Cup
73,Amaretto And Cream,,,,,"Shake Well With Cracked Ice, Strain Contents Into A Cocktail Glass, And Serve.",,
74,Amaretto Liqueur,,,,,"Combine Sugar And 3/4 Cup Water In A Small Saucepan. Bring To A Boil, Stirring Constantly. Reduce Heat And Simmer Until All Sugar Is Dissolved. Remove From Heat And Cool. In An Aging Container, Combine Apricot Halves, Almond Extract, Grain Alcohol With 1/2 Cup Water, And Brandy. Stir In Cooled Sugar Syrup Mixture. Cap And Let Age For 2 Days. Remove Apricot Halves. (save Apricot Halves, Can Be Used For Cooking). Add Food Coloring And Glycerine. Stir, Recap And Continue Aging For 1 To 2 Months. Re-bottle As Desired. Liqueur Is Ready To Serve But Will Continue To Improve With Additional Aging.",Sugar,1 Cup
75,Amaretto Mist,,,,,"Pour Amaretto In An Old-fashioned Glass Over Crushed Ice. Add The Wedge Of Lime And Serve. (a Wedge Of Lemon May Be Substituted For Lime, If Preferred.)",,
76,Amaretto Rose,,,,,Pour Amaretto And Lime Juice Over Ice In A Collins Glass. Fill With Club Soda And Serve.,,
77,Amaretto Shake,,,,,Combine All Ingredients In A Blender And Blend At High Speed Until Smooth. Serve In Chilled Glass Garnished With Bittersweet Chocolate Shavings.,Chocolate Ice-cream,2 Scoops
78,Amaretto Sour,,,,,Shake And Strain. Garnish With A Cherry And An Orange Slice.,,
79,Amaretto Stinger,,,,,"Shake Ingredients Well With Cracked Ice, Strain Into A Cocktail Glass, And Serve.",,
80,Amaretto Stone Sour,,,,,Shake And Serve Over Ice,,
81,Amaretto Stone Sour #3,,,,,"Shake Sour Mix, Tequila And Amaretto With Ice. Strain Into Highball Glass. Add A Splash Of Oj. Garnish With Orange Slice And A Cherry.",Sour Mix,
82,Amaretto Sunrise,,,,,Mix Together The Amaretto And Orange Juice. Pour Into Glass And Then Add The Grenadine Untill You See The Sunrise.,,
83,Amaretto Sunset,,,,,"Shake Ingredients In Bartender's Mixer Quickly, Just 5 Shakes. Strain Out Ice, Serve In Glass Immediately With A Slice Of Orange.",,1/2 Jigger
84,Amaretto Sweet & Sour,,,,,"Fill The Blender With 3/4 Ice. Add Sweet & Sour Mix To The Top Of The Ice. Add About 1"" Of Pineapple Juice, 1/2"" Of Melon Liqeur, And 1/2 To 1/4"" Of Amaretto. Then Blend The Mix Until It Is Of Margaritta Consistency Or Thinner.",,
85,Amaretto Tea,,,Pousse Cafe Glass,,"Pour Hot Tea Into A Pousse-cafe Glass, Using A Spoon In Glass To Prevent Cracking. Add Amaretto, But Do Not Stir. Top With Chilled Whipped Cream And Serve.",Tea,6 Oz Hot
86,Americano,,,,,"Pour The Campari And Vermouth Over Ice Into Glass, Add A Splash Of Soda Water And Garnish With Half Orange Slice.",Campari,
87,Angel Face,,,,,Shake All Ingredients With Ice And Strain Contents Into A Cocktail Glass.,,
88,Angelica Liqueur,,,,,"Combine All Herbs, Nuts And Spices With Vodka In A 1 Quart Or Larger Aging Container. Cap Tightly And Shake Daily For 2 Weeks. Strain Through A Fine Muslin Cloth Or Coffee Filter, Discarding Solids. Clean Out Aging Container. Place Liquid Back In Container. Place Sugar And Water In Saucepan And Stir To Combine Over Medium Heat. When Sugar Is Completely Dissolved, Set Aside And Let Cool. When Cool Combine With Food Coloring And Add To Liqueur Liquid. Cap And Allow To Age And Mellow In A Cool, Dark Place For One Month.",Angelica Root,3 Tblsp Chopped
89,Apello,,,,,Stirr. Grnish With Maraschino Cherry.,Orange Juice,4 Cl
90,Apple Berry Smoothie,,,,,Throw Everything Into A Blender And Liquify.,Berries,
91,Apple Cider Punch #1,Optional Alcohol,,,,"If You Use The Whole All Spice And Cloves, Tie Them In Cheesecloth. Heat The Mixture. Stir Occasionally. If You Want An Alcoholic Drink, Rum Would Be Nice.",Apple Cider,4 Qt
92,Apple Grande,,,Punch Bowl,,Chill Both Ingredients!! Mix In A Tumbler And Enjoy!,Tequila,3 Oz
93,Apple Karate,,,,,"Place All Ingredients In The Blender Jar - Cover And Whiz On Medium Speed Until Well Blended. Pour In One Tall, 2 Medium Or 3 Small Glasses And Drink Up.",Apple Juice,2 Cups
94,Apple Pie With A Crust,,,,,Just Mix The Two Liquids And Sprinkle In The Cinnamon. Serve Either Cold Or Heated.,,3 Parts
95,Apple Slammer,,,,,"Pour Into A Shot Glass And Present To Consumer, They Are Expected To Cover The Top Of The Shotglass With Thier Palm, Raise The Glass, Slam It On The Bar And The Swallow Quickly.",7-up,
96,Applecar,,,,,,,
97,Applejack,,,,,"Add All Ingredients Into Mixing Glass, Chill And Strain Into Cocktail Glass",,
98,Apricot Lady,,,,,"In A Shaker Half-filled With Ice Cubes, Combine The Rum, Apricot Brandy, Triple Sec, Lemon Juice, And Egg White. Shake Well. Strain Into An Old-fashioned Glass Almost Filled With Ice Cubes. Garnish With The Orange Slice.",,
99,Apricot Punch,,,,,Pour All Ingrediants Into A Large Punch Bowl. Add Ice And 4 Oranges That Are Peeled And Divided.,,1 Qt
100,,,,,,,Unfilled,Unfilled
174,,,,,,,Food Coloring,2 Drops Blue
188,,,,,,,,1/4 Cup
274,,,,,,,Glycerine,1/2 Tsp
288,,,,,,,,1 Drop Yellow
300,,,,,,,,
301,,,,,,,,
302,,,,,,,,
303,,,,,,,,
304,,,,,,,,
305,,,,,,,,
306,,,,,,,,
307,,,,,,,,
308,,,,,,,,
309,,,,,,,,
310,,,,,,,,
311,,,,,,,,
312,,,,,,,,
313,,,,,,,,
314,,,,,,,,
315,,,,,,,,
316,,,,,,,,
317,,,,,,,,
318,,,,,,,,
319,,,,,,,,
320,,,,,,,,
321,,,,,,,,
322,,,,,,,,
323,,,,,,,,
324,,,,,,,,
325,,,,,,,,
326,,,,,,,,
327,,,,,,,,
328,,,,,,,,
329,,,,,,,,
330,,,,,,,,
331,,,,,,,,
332,,,,,,,,
333,,,,,,,,
334,,,,,,,,
335,,,,,,,,
336,,,,,,,,
337,,,,,,,,
338,,,,,,,,
339,,,,,,,,
340,,,,,,,,
341,,,,,,,,
342,,,,,,,,
343,,,,,,,,
344,,,,,,,,
345,,,,,,,,
346,,,,,,,,
347,,,,,,,,
348,,,,,,,,
349,,,,,,,,
350,,,,,,,,
351,,,,,,,,
352,,,,,,,,
353,,,,,,,,
354,,,,,,,,
355,,,,,,,,
356,,,,,,,,
357,,,,,,,,
358,,,,,,,,
359,,,,,,,,
360,,,,,,,,
361,,,,,,,,
362,,,,,,,,
363,,,,,,,,
364,,,,,,,,
365,,,,,,,,
366,,,,,,,,
367,,,,,,,,
368,,,,,,,,
369,,,,,,,,
370,,,,,,,,
371,,,,,,,,
372,,,,,,,,
373,,,,,,,,
374,,,,,,,,
375,,,,,,,,
376,,,,,,,,
377,,,,,,,,
378,,,,,,,,
379,,,,,,,,
380,,,,,,,,
381,,,,,,,,
382,,,,,,,,
383,,,,,,,,
384,,,,,,,,
385,,,,,,,,
386,,,,,,,,
387,,,,,,,,
388,,,,,,,,1 Drop Green
389,,,,,,,,
390,,,,,,,,
391,,,,,,,,
392,,,,,,,,
393,,,,,,,,
394,,,,,,,,
395,,,,,,,,
396,,,,,,,,
397,,,,,,,,
398,,,,,,,,
399,,,,,,,,
400,,,,,,,-1.0,
701,,,,,,,Grand Marnier,1/4 Oz
702,,,,,,,,1.5 Oz
705,,,,,,,Jägermeister,
706,,,,,,,Wild Turkey,1/2 Shot
707,,,,,,,Johnnie Walker,
709,,,,,,,Coca-cola,
710,,,,,,,,1 Splash
711,,,,,,,Blueberry Schnapps,
712,,,,,,,,4 Oz
713,,,,,,,Bailey's Irish Cream,
714,,,,,,,Orange Curacao,
716,,,,,,,Ginger Beer,
717,,,,,,,Peach Schnapps,
718,,,,,,,Añejo Rum,
720,,,,,,,Soda Water,
721,,,,,,,Lemon,Juice Of 1/2
722,,,,,,,Kirschwasser,
723,,,,,,,Grapefruit Juice,
729,,,,,,,,1 Dash
731,,,,,,,Peach Nectar,
732,,,,,,,,50 Gr
733,,,,,,,Pisang Ambon,
734,,,,,,,Midori Melon Liqueur,
736,,,,,,,Sweet And Sour,
737,,,,,,,Lime Juice,
741,,,,,,,,1 1/2 Tsp
743,,,,,,,Lemon Juice,
744,,,,,,,Cognac,
746,,,,,,,Lemonade,1/2 Can
748,,,,,,,Vermouth,
749,,,,,,,,1 Tblsp
751,,,,,,,Sherry,1 1/2 Oz Dry
757,,,,,,,Creme De Banane,
758,,,,,,,,4 Parts
762,,,,,,,,1/2 Oz White
767,,,,,,,Bourbon,
770,,,,,,,Dark Creme De Cacao,
772,,,,,,,Ginger,2 Tsp
773,,,,,,,Light Cream,
775,,,,,,,Lime,1
777,,,,,,,Brandy,
783,,,,,,,,3 Shots
786,,,,,,,,1 Oz Red
787,,,,,,,Apple Brandy,
788,,,,,,,Almond,1 Tblsp Chopped
789,,,,,,,,3 Cl
790,,,,,,,Apple,2
791,,,,,,,Brown Sugar,
792,,,,,,,,12 Oz
793,,,,,,,Carrot,1 Large
795,,,,,,,Apple Schnapps,
799,,,,,,,Champagne,4 Fifth
801,,,,,,,Chambord Raspberry Liqueur,
803,,,,,,,,1/2 Oz Bacardi
805,,,,,,,Rumple Minze,
807,,,,,,,Jim Beam,
810,,,,,,,,Fill With
812,,,,,,,,0.75 Oz
813,,,,,,,Frangelico,
814,,,,,,,Strawberry Liqueur,
816,,,,,,,Lemon Peel,1 Twist Of
819,,,,,,,Ice,Cubes
820,,,,,,,,0.5 Oz
822,,,,,,,,1 Tsp
825,,,,,,,,1/4 Shot
828,,,,,,,Tonic Water,
829,,,,,,,Orange,Juice Of 1/4
832,,,,,,,Anise,50 Ml Pure
835,,,,,,,Coconut Liqueur,
836,,,,,,,Sprite,
838,,,,,,,Ginger Ale,
839,,,,,,,,Top Up With
842,,,,,,,Heavy Cream,
844,,,,,,,Creme De Cassis,
854,,,,,,,,Juice Of 1
858,,,,,,,Pineapple Juice,
859,,,,,,,,1 1/2
860,,,,,,,Sloe Gin,
861,,,,,,,Yellow Chartreuse,
867,,,,,,,Blackberry Brandy,
868,,,,,,,Kummel,
869,,,,,,,Egg White,
870,,,,,,,Coffee,8 Oz
872,,,,,,,Guava Juice,
874,,,,,,,Apricot,
876,,,,,,,Club Soda,
882,,,,,,,,1/4 Cl
883,,,,,,,Cider,1/2 Cup
885,,,,,,,Whipped Cream,Chilled
886,,,,,,,,Twist Of
888,,,,,,,Allspice,1 Cracked
891,,,,,,,,6 Oz Frozen
894,,,,,,,Cinnamon,3 Dashes
899,,,,,,,,1 Fifth
921,,,,,,,Maraschino Cherry,
922,,,,,,,Strawberries,5
924,,,,,,,Hot Chocolate,
925,,,,,,,,1/8 Shot
929,,,,,,,Cherry,
930,,,,,,,Angostura Bitters,
932,,,,,,,Licorice Root,
933,,,,,,,Bitter Lemon,
937,,,,,,,,Top It Up With
938,,,,,,,,Add
940,,,,,,,,Fill To Top
942,,,,,,,Milk,
944,,,,,,,Fresh Lemon Juice,
945,,,,,,,,1/2 Part
946,,,,,,,,10 Tsp
959,,,,,,,,4 Cl Hot
962,,,,,,,Nutmeg,
965,,,,,,,Cream,
972,,,,,,,,1 1/2 Tblsp
974,,,,,,,Almond Flavoring,
981,,,,,,,,Add Splash
983,,,,,,,,Add 1/2 Cup
986,,,,,,,Orange Peel,
988,,,,,,,,1 One-inch
999,,,,,,,,4 L
1003,,,,,,,Cointreau,
1022,,,,,,,Schweppes Russchian,
1032,,,,,,,Wormwood,
1036,,,,,,,,1 Slice
1042,,,,,,,,1/2 Fresh
1045,,,,,,,Fruit,
1050,,,,,,,Fresh Lime Juice,
1072,,,,,,,Pineapple,1 1/2 Cup
1074,,,,,,,Grain Alcohol,1/2 Cup Pure
1088,,,,,,,,3-6 Crushed
1091,,,,,,,Cloves,6 Whole
1099,,,,,,,,1/2 Gal
1141,,,,,,,Mint,
1150,,,,,,,Sugar Syrup,
1188,,,,,,,Coriander,1/8 Tsp Powdered
1208,,,,,,,,1-2 Dash
1245,,,,,,,Salt,1-3 Pint
1272,,,,,,,,3-4 Cups
1288,,,,,,,Marjoram Leaves,1 Tblsp Fresh Chopped
1291,,,,,,,,1 Tsp Ground
1303,,,,,,,Vanilla Ice-cream,
1308,,,,,,,Bitters,1 Wedge
1345,,,,,,,Fruit Juice,
1374,,,,,,,,3 Drops Yellow
1388,,,,,,,,1.5 Cup
1391,,,,,,,,3 Sticks
1474,,,,,,,,6 Drops Red
1488,,,,,,,,1/2 Cup Granulated
1500,,,,,,,"['Creme De Cacao', 'Unfilled', 'Unfilled', 'Unfilled', -1.0, -1.0, -1.0, 'Vodka', 'Unfilled', 'Unfilled', 'Unfilled', 'Unfilled', 'Unfilled', 'Unfilled', 'Unfilled']","['1 Oz White', 'Unfilled', 'Unfilled', 'Unfilled', 'Unfilled', 'Unfilled', 'Unfilled', '1 Oz', '', '', '', '', '', 'Unfilled', 'Unfilled']"
1501,,,,,,,"['Absolut Kurant', 'Unfilled', 'Unfilled', 'Unfilled', -1.0, -1.0, -1.0, 'Grand Marnier', 'Chambord Raspberry Liqueur', 'Midori Melon Liqueur', 'Malibu Rum', 'Amaretto', 'Cranberry Juice', 'Pineapple Juice', 'Unfilled']","['1/2 Oz', '', '', '', '', 'Unfilled', 'Unfilled', '1/4 Oz', '1/4 Oz', '1/4 Oz', '1/4 Oz', '1/4 Oz', '1/2 Oz', '1/4 Oz', '']"
1502,,,,,,,"['Lager', 'Unfilled', 'Unfilled', 'Unfilled', -1.0, -1.0, -1.0, 'Tequila', 'Unfilled', 'Unfilled', 'Unfilled', 'Unfilled', 'Unfilled', 'Unfilled', 'Unfilled']","['16 Oz', 'Unfilled', 'Unfilled', 'Unfilled', 'Unfilled', 'Unfilled', 'Unfilled', '1.5 Oz', '', '', '', '', '', 'Unfilled', 'Unfilled']"
1503,,,,,,,"['Malibu Rum', 'Unfilled', 'Unfilled', 'Unfilled', -1.0, -1.0, -1.0, 'Light Rum', '151 Proof Rum', 'Dark Creme De Cacao', 'Cointreau', 'Milk', 'Coconut Liqueur', 'Vanilla Ice-cream', 'Unfilled']","['1/2 Oz', '', '', '', '', 'Unfilled', 'Unfilled', '1/2 Oz', '1/2 Oz Bacardi', '1 Oz', '1 Oz', '3 Oz', '1 Oz', '1 Cup', '']"
1504,,,,,,,"['Dark Rum', 'Unfilled', 'Unfilled', 'Unfilled', -1.0, -1.0, -1.0, 'Light Rum', 'Vodka', 'Orange Juice', 'Unfilled', 'Unfilled', 'Unfilled', 'Unfilled', 'Unfilled']","['1 Shot', 'Unfilled', 'Unfilled', 'Unfilled', 'Unfilled', 'Unfilled', 'Unfilled', '2 Shots', '1 Shot', '1 Shot', '', '', '', '', '']"
1505,,,,,,,"['Goldschlager', 'Unfilled', 'Unfilled', 'Unfilled', -1.0, -1.0, -1.0, 'Jägermeister', 'Rumple Minze', '151 Proof Rum', 'Unfilled', 'Unfilled', 'Unfilled', 'Unfilled', 'Unfilled']","['1/2 Oz', 'Unfilled', 'Unfilled', 'Unfilled', 'Unfilled', 'Unfilled', 'Unfilled', '1/2 Oz', '1/2 Oz', '1/2 Oz Bacardi', '', '', '', '', '']"
1506,,,,,,,"['151 Proof Rum', 'Unfilled', 'Unfilled', 'Unfilled', -1.0, -1.0, -1.0, 'Wild Turkey', 'Unfilled', 'Unfilled', 'Unfilled', 'Unfilled', 'Unfilled', 'Unfilled', 'Unfilled']","['1/2 Shot Bacardi', 'Unfilled', 'Unfilled', 'Unfilled', 'Unfilled', 'Unfilled', 'Unfilled', '1/2 Shot', '', '', '', '', '', 'Unfilled', 'Unfilled']"
1507,,,,,,,"['Jack Daniels', 'Unfilled', 'Unfilled', 'Unfilled', -1.0, -1.0, -1.0, 'Johnnie Walker', 'Jim Beam', 'Unfilled', 'Unfilled', 'Unfilled', 'Unfilled', 'Unfilled', 'Unfilled']","['1/3 Oz', 'Unfilled', 'Unfilled', 'Unfilled', 'Unfilled', 'Unfilled', 'Unfilled', '1/3 Oz', '1/3 Oz', '', '', '', '', '', 'Unfilled']"
1508,,,,,,,"['Gin', 'Unfilled', 'Unfilled', 'Unfilled', -1.0, -1.0, -1.0, 'Light Rum', 'Tequila', 'Triple Sec', 'Vodka', 'Coca-cola', 'Sweet And Sour', 'Bitters', 'Lemon']","['1/2 Oz', '', '', '', '', 'Unfilled', 'Unfilled', '1/2 Oz', '1/2 Oz', '1/2 Oz', '1/2 Oz', '', '1-2 Dash', '1 Wedge', '']"
1509,,,,,,,"['Peach Vodka', 'Unfilled', 'Unfilled', 'Unfilled', -1.0, -1.0, -1.0, 'Coca-cola', 'Unfilled', 'Unfilled', 'Unfilled', 'Unfilled', 'Unfilled', 'Unfilled', 'Unfilled']","['2-3 Oz', 'Unfilled', 'Unfilled', 'Unfilled', 'Unfilled', 'Unfilled', 'Unfilled', 'Unfilled', 'Unfilled', 'Unfilled', 'Unfilled', 'Unfilled', 'Unfilled', 'Unfilled', 'Unfilled']"
1510,,,,,,,"['Vanilla Vodka', 'Unfilled', 'Unfilled', 'Unfilled', -1.0, -1.0, -1.0, 'Grand Marnier', 'Orange Juice', 'Unfilled', 'Unfilled', 'Unfilled', 'Unfilled', 'Unfilled', 'Unfilled']","['2 1/2 Oz', 'Unfilled', 'Unfilled', 'Unfilled', 'Unfilled', 'Unfilled', 'Unfilled', '1 Splash', 'Fill With', '', '', '', '', '', 'Unfilled']"
1511,,,,,,,"['Blue Curacao', 'Unfilled', 'Unfilled', 'Unfilled', -1.0, -1.0, -1.0, 'Blueberry Schnapps', 'Vodka', 'Sour Mix', '7-up', 'Unfilled', 'Unfilled', 'Unfilled', 'Unfilled']","['', 'Unfilled', 'Unfilled', 'Unfilled', 'Unfilled', 'Unfilled', 'Unfilled', '', '', '', '', '', '', '', 'Unfilled']"
1512,,,,,,,"['Gin', 'Unfilled', 'Unfilled', 'Unfilled', -1.0, -1.0, -1.0, '7-up', 'Lemon Juice', 'Unfilled', 'Unfilled', 'Unfilled', 'Unfilled', 'Unfilled', 'Unfilled']","['2 Oz Dry', 'Unfilled', 'Unfilled', 'Unfilled', 'Unfilled', 'Unfilled', 'Unfilled', '4 Oz', '0.75 Oz', '', '', '', '', '', 'Unfilled']"
1513,,,,,,,"['Kahlua', 'Unfilled', 'Unfilled', 'Unfilled', -1.0, -1.0, -1.0, ""Bailey's Irish Cream"", 'Frangelico', 'Unfilled', 'Unfilled', 'Unfilled', 'Unfilled', 'Unfilled', 'Unfilled']","['1/3 Part', 'Unfilled', 'Unfilled', 'Unfilled', 'Unfilled', 'Unfilled', 'Unfilled', '1/3 Part', '1/3 Part', '', '', '', '', '', 'Unfilled']"
1514,,,,,,,"['Absolut Citron', 'Unfilled', 'Unfilled', 'Unfilled', -1.0, -1.0, -1.0, 'Orange Curacao', 'Strawberry Liqueur', 'Orange Juice', 'Unfilled', 'Unfilled', 'Unfilled', 'Unfilled', 'Unfilled']","['2 Oz', 'Unfilled', 'Unfilled', 'Unfilled', 'Unfilled', 'Unfilled', 'Unfilled', '1/2 Oz', '1 Splash', '1 Oz', '', '', '', '', '']"
1515,,,,,,,"['Coconut Rum', 'Unfilled', 'Unfilled', 'Unfilled', -1.0, -1.0, -1.0, 'Amaretto', 'Orange Juice', 'Grenadine', 'Unfilled', 'Unfilled', 'Unfilled', 'Unfilled', 'Unfilled']","['1 Oz', 'Unfilled', 'Unfilled', 'Unfilled', 'Unfilled', 'Unfilled', 'Unfilled', '1/2 Oz', '4 Oz', '1/2 Oz', '', '', '', '', '']"
1516,,,,,,,"['Light Rum', 'Unfilled', 'Unfilled', 'Unfilled', -1.0, -1.0, -1.0, 'Ginger Beer', 'Lemon Peel', 'Unfilled', 'Unfilled', 'Unfilled', 'Unfilled', 'Unfilled', 'Unfilled']","['2 Oz', 'Unfilled', 'Unfilled', 'Unfilled', 'Unfilled', 'Unfilled', 'Unfilled', '4 Oz', '1 Twist Of', '', '', '', '', '', 'Unfilled']"
1517,,,,,,,"['Vodka', 'Unfilled', 'Unfilled', 'Unfilled', -1.0, -1.0, -1.0, 'Peach Schnapps', 'Orange Juice', 'Cranberry Juice', 'Unfilled', 'Unfilled', 'Unfilled', 'Unfilled', 'Unfilled']","['1 Oz', 'Unfilled', 'Unfilled', 'Unfilled', 'Unfilled', 'Unfilled', 'Unfilled', '1 Oz', '3 Oz', '3 Oz', '', '', '', '', '']"
1518,,,,,,,"['Light Rum', 'Unfilled', 'Unfilled', 'Unfilled', -1.0, -1.0, -1.0, 'Añejo Rum', 'Orange Juice', 'Lemon Juice', 'Ginger Ale', 'Lemon Peel', 'Unfilled', 'Unfilled', 'Unfilled']","['1 Oz', '', '', 'Unfilled', 'Unfilled', 'Unfilled', 'Unfilled', '1 Oz', '1 Oz', '1/2 Oz', '3 Oz', '1 Twist Of', '', '', '']"
1519,,,,,,,"['Amaretto', 'Unfilled', 'Unfilled', 'Unfilled', -1.0, -1.0, -1.0, 'Southern Comfort', 'Ice', 'Sour Mix', 'Unfilled', 'Unfilled', 'Unfilled', 'Unfilled', 'Unfilled']","['1 Shot', 'Unfilled', 'Unfilled', 'Unfilled', 'Unfilled', 'Unfilled', 'Unfilled', '1 Shot', 'Cubes', '', '', '', '', '', '']"
1520,,,,,,,"['Cranberry Juice', 'Unfilled', 'Unfilled', 'Unfilled', -1.0, -1.0, -1.0, 'Soda Water', 'Midori Melon Liqueur', 'Creme De Banane', 'Unfilled', 'Unfilled', 'Unfilled', 'Unfilled', 'Unfilled']","['2 Oz', 'Unfilled', 'Unfilled', 'Unfilled', 'Unfilled', 'Unfilled', 'Unfilled', '2 Oz', '0.5 Oz', '0.5 Oz', '', '', '', '', '']"
1521,,,,,,,"['Amaretto', 'Unfilled', 'Unfilled', 'Unfilled', -1.0, -1.0, -1.0, 'Lemon', 'Ice', 'Maraschino Cherry', 'Unfilled', 'Unfilled', 'Unfilled', 'Unfilled', 'Unfilled']","['1 Jigger', 'Unfilled', 'Unfilled', 'Unfilled', 'Unfilled', 'Unfilled', 'Unfilled', 'Juice Of 1/2', '', '', '', '', '', '', 'Unfilled']"
1522,,,,,,,"['Vodka', 'Unfilled', 'Unfilled', 'Unfilled', -1.0, -1.0, -1.0, 'Kirschwasser', 'Strawberry Liqueur', 'Strawberries', 'Schweppes Russchian', 'Unfilled', 'Unfilled', 'Unfilled', 'Unfilled']","['2 Oz', '', 'Unfilled', 'Unfilled', 'Unfilled', 'Unfilled', 'Unfilled', '1 Oz', '1 Tsp', '5', '', '', '', '', '']"
1523,,,,,,,"['Applejack', 'Unfilled', 'Unfilled', 'Unfilled', -1.0, -1.0, -1.0, 'Grapefruit Juice', 'Unfilled', 'Unfilled', 'Unfilled', 'Unfilled', 'Unfilled', 'Unfilled', 'Unfilled']","['1 1/2 Oz', 'Unfilled', 'Unfilled', 'Unfilled', 'Unfilled', 'Unfilled', 'Unfilled', '1 Oz', '', '', '', '', '', 'Unfilled', 'Unfilled']"
1524,,,,,,,"['White Creme De Menthe', 'Unfilled', 'Unfilled', 'Unfilled', -1.0, -1.0, -1.0, 'Southern Comfort', 'Vodka', 'Hot Chocolate', 'Unfilled', 'Unfilled', 'Unfilled', 'Unfilled', 'Unfilled']","['1/2 Oz', 'Unfilled', 'Unfilled', 'Unfilled', 'Unfilled', 'Unfilled', 'Unfilled', '3/4 Oz', '1/2 Oz', 'Fill With', '', '', '', '', '']"
1525,,,,,,,"['Gin', 'Unfilled', 'Unfilled', 'Unfilled', -1.0, -1.0, -1.0, 'Grand Marnier', 'Lemon Juice', 'Grenadine', 'Unfilled', 'Unfilled', 'Unfilled', 'Unfilled', 'Unfilled']","['1 3/4 Shot', 'Unfilled', 'Unfilled', 'Unfilled', 'Unfilled', 'Unfilled', 'Unfilled', '1 Shot', '1/4 Shot', '1/8 Shot', '', '', '', 'Unfilled', 'Unfilled']"
1526,,,,,,,"['Amaretto', 'Unfilled', 'Unfilled', 'Unfilled', -1.0, -1.0, -1.0, ""Bailey's Irish Cream"", 'Cognac', 'Unfilled', 'Unfilled', 'Unfilled', 'Unfilled', 'Unfilled', 'Unfilled']","['1/3', 'Unfilled', 'Unfilled', 'Unfilled', 'Unfilled', 'Unfilled', 'Unfilled', '1/3', '1/3', '', '', '', '', '', 'Unfilled']"
1527,,,,,,,,"['1 Oz Bacardi', 'Unfilled', 'Unfilled', 'Unfilled', 'Unfilled', 'Unfilled', 'Unfilled', '1 Oz', '', '', '', '', '', 'Unfilled', 'Unfilled']"
1528,,,,,,,"['Absolut Vodka', 'Unfilled', 'Unfilled', 'Unfilled', -1.0, -1.0, -1.0, 'Gin', 'Tonic Water', 'Unfilled', 'Unfilled', 'Unfilled', 'Unfilled', 'Unfilled', 'Unfilled']","['1 Oz', 'Unfilled', 'Unfilled', 'Unfilled', 'Unfilled', 'Unfilled', 'Unfilled', '1 Oz', '4 Oz', '', '', '', '', '', 'Unfilled']"
1529,,,,,,,"['Gin', 'Unfilled', 'Unfilled', 'Unfilled', -1.0, -1.0, -1.0, 'Orange Bitters', 'Orange', 'Cherry', 'Unfilled', 'Unfilled', 'Unfilled', 'Unfilled', 'Unfilled']","['1 1/2 Oz', 'Unfilled', 'Unfilled', 'Unfilled', 'Unfilled', 'Unfilled', 'Unfilled', '1 Dash', 'Juice Of 1/4', '1', '', '', '', '', '']"
1530,,,,,,,"['Gin', 'Unfilled', 'Unfilled', 'Unfilled', -1.0, -1.0, -1.0, 'Sweet Vermouth', 'Orange Juice', 'Angostura Bitters', 'Unfilled', 'Unfilled', 'Unfilled', 'Unfilled', 'Unfilled']","['2 Shots', 'Unfilled', 'Unfilled', 'Unfilled', 'Unfilled', 'Unfilled', 'Unfilled', '1 Shot', '1 Shot', '3 Dashes', '', '', '', 'Unfilled', 'Unfilled']"
1531,,,,,,,"['Dark Rum', 'Unfilled', 'Unfilled', 'Unfilled', -1.0, -1.0, -1.0, 'Peach Nectar', 'Orange Juice', 'Unfilled', 'Unfilled', 'Unfilled', 'Unfilled', 'Unfilled', 'Unfilled']","['1 1/2 Oz', 'Unfilled', 'Unfilled', 'Unfilled', 'Unfilled', 'Unfilled', 'Unfilled', '2 Oz', '3 Oz', '', '', '', '', '', 'Unfilled']"
1532,,,,,,,"['Vodka', 'Unfilled', 'Unfilled', 'Unfilled', -1.0, -1.0, -1.0, 'Sugar', 'Anise', 'Licorice Root', 'Wormwood', 'Unfilled', 'Unfilled', 'Unfilled', 'Unfilled']","['1 Bottle', '', 'Unfilled', 'Unfilled', 'Unfilled', 'Unfilled', 'Unfilled', '50 Gr', '50 Ml Pure', '1 Tblsp', '1', '', '', '', '']"
1533,,,,,,,"['Absolut Citron', 'Unfilled', 'Unfilled', 'Unfilled', -1.0, -1.0, -1.0, 'Pisang Ambon', 'Ice', 'Bitter Lemon', 'Unfilled', 'Unfilled', 'Unfilled', 'Unfilled', 'Unfilled']","['2/3 Part', 'Unfilled', 'Unfilled', 'Unfilled', 'Unfilled', 'Unfilled', 'Unfilled', '1/3 Part', 'Cubes', '', '', '', '', '', '']"
1534,,,,,,,"['Absolut Kurant', 'Unfilled', 'Unfilled', 'Unfilled', -1.0, -1.0, -1.0, 'Midori Melon Liqueur', 'Cranberry Juice', 'Sprite', 'Unfilled', 'Unfilled', 'Unfilled', 'Unfilled', 'Unfilled']","['3/4 Oz', 'Unfilled', 'Unfilled', 'Unfilled', 'Unfilled', 'Unfilled', 'Unfilled', '3/4 Oz', '1 Oz', '1 Splash', '', '', '', '', '']"
1535,,,,,,,"['Absolut Vodka', 'Unfilled', 'Unfilled', 'Unfilled', -1.0, -1.0, -1.0, 'Peach Schnapps', 'Coconut Liqueur', 'Cranberry Juice', 'Pineapple Juice', 'Unfilled', 'Unfilled', 'Unfilled', 'Unfilled']","['1 1/2 Oz', '', 'Unfilled', 'Unfilled', 'Unfilled', 'Unfilled', 'Unfilled', '1/2 Oz', '1/2 Oz', '1 1/2 Oz', '1 1/2 Oz', '', '', '', '']"
1536,,,,,,,"['Absolut Citron', 'Unfilled', 'Unfilled', 'Unfilled', -1.0, -1.0, -1.0, 'Sweet And Sour', 'Sprite', 'Soda Water', 'Lemon', 'Unfilled', 'Unfilled', 'Unfilled', 'Unfilled']","['1 1/2 Oz', '', 'Unfilled', 'Unfilled', 'Unfilled', 'Unfilled', 'Unfilled', '3/4 Oz', '1/2 Oz', '3 Oz', '1 Slice', '', '', '', '']"
1537,,,,,,,"['Absolut Citron', 'Unfilled', 'Unfilled', 'Unfilled', -1.0, -1.0, -1.0, 'Lime Juice', 'Ice', 'Tonic Water', 'Unfilled', 'Unfilled', 'Unfilled', 'Unfilled', 'Unfilled']","['2/3', 'Unfilled', 'Unfilled', 'Unfilled', 'Unfilled', 'Unfilled', 'Unfilled', '1/3', 'Fill With', 'Top It Up With', '', '', '', '', '']"
1538,,,,,,,"['Absolut Vodka', 'Unfilled', 'Unfilled', 'Unfilled', -1.0, -1.0, -1.0, 'Cranberry Juice', 'Ginger Ale', 'Ice', 'Unfilled', 'Unfilled', 'Unfilled', 'Unfilled', 'Unfilled']","['2 Oz', 'Unfilled', 'Unfilled', 'Unfilled', 'Unfilled', 'Unfilled', 'Unfilled', '4 Oz', '2 Oz', 'Add', '', '', '', '', '']"
1539,,,,,,,"['Vodka', 'Unfilled', 'Unfilled', 'Unfilled', -1.0, -1.0, -1.0, 'Cranberry Juice', 'Champagne', 'Unfilled', 'Unfilled', 'Unfilled', 'Unfilled', 'Unfilled', 'Unfilled']","['1 Shot', 'Unfilled', 'Unfilled', 'Unfilled', 'Unfilled', 'Unfilled', 'Unfilled', '2 Shots', 'Top Up With', '', '', '', '', 'Unfilled', 'Unfilled']"
1540,,,,,,,"['Absolut Citron', 'Unfilled', 'Unfilled', 'Unfilled', -1.0, -1.0, -1.0, 'Orange Juice', 'Triple Sec', 'Ginger Ale', 'Unfilled', 'Unfilled', 'Unfilled', 'Unfilled', 'Unfilled']","['1 Shot', 'Unfilled', 'Unfilled', 'Unfilled', 'Unfilled', 'Unfilled', 'Unfilled', '1 Shot', '1 Shot', 'Fill To Top', '', '', '', '', '']"
1541,,,,,,,"['Light Rum', 'Unfilled', 'Unfilled', 'Unfilled', -1.0, -1.0, -1.0, 'Triple Sec', 'Lime Juice', 'Sugar', 'Egg White', 'Mint', 'Unfilled', 'Unfilled', 'Unfilled']","['1 1/2 Oz', '', '', 'Unfilled', 'Unfilled', 'Unfilled', 'Unfilled', '1 1/2 Tsp', '1 Tblsp', '1 Tsp', '1', '1', '', '', '']"
1542,,,,,,,"['Gin', 'Unfilled', 'Unfilled', 'Unfilled', -1.0, -1.0, -1.0, 'Grenadine', 'Heavy Cream', 'Milk', 'Egg White', 'Unfilled', 'Unfilled', 'Unfilled', 'Unfilled']","['2 Shots', 'Unfilled', 'Unfilled', 'Unfilled', 'Unfilled', 'Unfilled', 'Unfilled', '1/2 Shot', '1/2 Shot', '1/2 Shot', '1/2 Fresh', '', '', 'Unfilled', 'Unfilled']"
1543,,,,,,,"['Dark Rum', 'Unfilled', 'Unfilled', 'Unfilled', -1.0, -1.0, -1.0, 'Lemon Juice', 'Grenadine', 'Unfilled', 'Unfilled', 'Unfilled', 'Unfilled', 'Unfilled', 'Unfilled']","['2 Oz', 'Unfilled', 'Unfilled', 'Unfilled', 'Unfilled', 'Unfilled', 'Unfilled', '1 Oz', '1 Tsp', '', '', '', '', '', 'Unfilled']"
1544,,,,,,,"['Gin', 'Unfilled', 'Unfilled', 'Unfilled', -1.0, -1.0, -1.0, 'Cognac', 'Creme De Cassis', 'Fresh Lemon Juice', 'Unfilled', 'Unfilled', 'Unfilled', 'Unfilled', 'Unfilled']","['1 Shot', 'Unfilled', 'Unfilled', 'Unfilled', 'Unfilled', 'Unfilled', 'Unfilled', '1 Shot', '1 Shot', '1/8 Shot', 'Unfilled', 'Unfilled', 'Unfilled', 'Unfilled', 'Unfilled']"
1545,,,,,,,"['Rum', 'Unfilled', 'Unfilled', 'Unfilled', -1.0, -1.0, -1.0, 'Vodka', 'Tequila', 'Triple Sec', 'Fruit', 'Ice', 'Salt', 'Fruit Juice', 'Unfilled']","['1 Part', '', '', '', 'Unfilled', 'Unfilled', 'Unfilled', '1 Part', '1 Part', '1/2 Part', '', '', '1-3 Pint', '', '']"
1546,,,,,,,"['Vodka', 'Unfilled', 'Unfilled', 'Unfilled', -1.0, -1.0, -1.0, 'Lemonade', 'Water', 'Sugar', 'Unfilled', 'Unfilled', 'Unfilled', 'Unfilled', 'Unfilled']","['1/2', 'Unfilled', 'Unfilled', 'Unfilled', 'Unfilled', 'Unfilled', 'Unfilled', '1/2 Can', '1/2', '10 Tsp', '', '', '', '', '']"
1547,,,,,,,"['Sweet Vermouth', 'Unfilled', 'Unfilled', 'Unfilled', -1.0, -1.0, -1.0, 'Dry Vermouth', 'Soda Water', 'Unfilled', 'Unfilled', 'Unfilled', 'Unfilled', 'Unfilled', 'Unfilled']","['2 Shots', 'Unfilled', 'Unfilled', 'Unfilled', 'Unfilled', 'Unfilled', 'Unfilled', '1 Shot', 'Top Up With', '', '', '', '', 'Unfilled', 'Unfilled']"
1548,,,,,,,"['Gin', 'Unfilled', 'Unfilled', 'Unfilled', -1.0, -1.0, -1.0, 'Vermouth', 'Unfilled', 'Unfilled', 'Unfilled', 'Unfilled', 'Unfilled', 'Unfilled', 'Unfilled']","['1 1/2 Shot', 'Unfilled', 'Unfilled', 'Unfilled', 'Unfilled', 'Unfilled', 'Unfilled', '1 1/2 Shot', '', '', '', '', '', 'Unfilled', 'Unfilled']"
1549,,,,,,,"['Vodka', 'Unfilled', 'Unfilled', 'Unfilled', -1.0, -1.0, -1.0, 'Grenadine', 'Orange Juice', 'Unfilled', 'Unfilled', 'Unfilled', 'Unfilled', 'Unfilled', 'Unfilled']","['1 Shot', 'Unfilled', 'Unfilled', 'Unfilled', 'Unfilled', 'Unfilled', 'Unfilled', '1 Tblsp', 'Fill With', '', '', '', '', '', 'Unfilled']"
1550,,,,,,,"['Rum', 'Unfilled', 'Unfilled', 'Unfilled', -1.0, -1.0, -1.0, 'Dry Vermouth', 'Cognac', 'Gin', 'Fresh Lime Juice', 'Sugar Syrup', 'Water', 'Unfilled', 'Unfilled']","['1 Shot', 'Unfilled', 'Unfilled', 'Unfilled', 'Unfilled', 'Unfilled', 'Unfilled', '1/2 Shot', '1/2 Shot', '1/2 Shot', '1/4 Shot', '1/4 Shot', '1/2 Shot', 'Unfilled', 'Unfilled']"
1551,,,,,,,"['Sweet Vermouth', 'Unfilled', 'Unfilled', 'Unfilled', -1.0, -1.0, -1.0, 'Sherry', 'Orange Bitters', 'Unfilled', 'Unfilled', 'Unfilled', 'Unfilled', 'Unfilled', 'Unfilled']","['3/4 Oz', 'Unfilled', 'Unfilled', 'Unfilled', 'Unfilled', 'Unfilled', 'Unfilled', '1 1/2 Oz Dry', '1 Dash', '', '', '', '', '', 'Unfilled']"
1552,,,,,,,"['Strawberry Schnapps', 'Unfilled', 'Unfilled', 'Unfilled', -1.0, -1.0, -1.0, 'Orange Juice', 'Cranberry Juice', 'Club Soda', 'Unfilled', 'Unfilled', 'Unfilled', 'Unfilled', 'Unfilled']","['2 Oz', 'Unfilled', 'Unfilled', 'Unfilled', 'Unfilled', 'Unfilled', 'Unfilled', '2 Oz', '2 Oz', '', '', '', '', '', '']"
1553,,,,,,,"['Scotch', 'Unfilled', 'Unfilled', 'Unfilled', -1.0, -1.0, -1.0, 'Sweet Vermouth', 'Dry Vermouth', 'Orange Bitters', 'Unfilled', 'Unfilled', 'Unfilled', 'Unfilled', 'Unfilled']","['1 1/2 Oz', 'Unfilled', 'Unfilled', 'Unfilled', 'Unfilled', 'Unfilled', 'Unfilled', '1 Oz', '1 Oz', '2 Dashes', '', '', '', '', '']"
1554,,,,,,,"['Apricot Brandy', 'Unfilled', 'Unfilled', 'Unfilled', -1.0, -1.0, -1.0, 'Triple Sec', 'Lime', 'Lime', 'Unfilled', 'Unfilled', 'Unfilled', 'Unfilled', 'Unfilled']","['1 Oz', 'Unfilled', 'Unfilled', 'Unfilled', 'Unfilled', 'Unfilled', 'Unfilled', '1 Oz', 'Juice Of 1', '1', '', '', '', '', '']"
1555,,,,,,,"['Peppermint Schnapps', 'Unfilled', 'Unfilled', 'Unfilled', -1.0, -1.0, -1.0, 'Kahlua', ""Bailey's Irish Cream"", 'Unfilled', 'Unfilled', 'Unfilled', 'Unfilled', 'Unfilled', 'Unfilled']","['', 'Unfilled', 'Unfilled', 'Unfilled', 'Unfilled', 'Unfilled', 'Unfilled', '', '', '', '', '', '', 'Unfilled', 'Unfilled']"
1556,,,,,,,"['Triple Sec', 'Unfilled', 'Unfilled', 'Unfilled', -1.0, -1.0, -1.0, 'Apricot Brandy', 'Lemon Juice', 'Unfilled', 'Unfilled', 'Unfilled', 'Unfilled', 'Unfilled', 'Unfilled']","['1 Oz', 'Unfilled', 'Unfilled', 'Unfilled', 'Unfilled', 'Unfilled', 'Unfilled', '1 Oz', '1/2 Tsp', '', '', '', '', '', 'Unfilled']"
1557,,,,,,,"['Vodka', 'Unfilled', 'Unfilled', 'Unfilled', -1.0, -1.0, -1.0, 'Creme De Banane', 'Orange Juice', 'Unfilled', 'Unfilled', 'Unfilled', 'Unfilled', 'Unfilled', 'Unfilled']","['2 Cl', 'Unfilled', 'Unfilled', 'Unfilled', 'Unfilled', 'Unfilled', 'Unfilled', '1 Cl', '', '', '', '', '', '', 'Unfilled']"
1558,,,,,,,"['Grenadine', 'Unfilled', 'Unfilled', 'Unfilled', -1.0, -1.0, -1.0, 'Orange Juice', 'Pineapple Juice', 'Unfilled', 'Unfilled', 'Unfilled', 'Unfilled', 'Unfilled', 'Unfilled']","['1 Part', 'Unfilled', 'Unfilled', 'Unfilled', 'Unfilled', 'Unfilled', 'Unfilled', '4 Parts', '4 Parts', '', '', '', '', '', 'Unfilled']"
1559,,,,,,,"['Kahlua', 'Unfilled', 'Unfilled', 'Unfilled', -1.0, -1.0, -1.0, ""Bailey's Irish Cream"", 'Frangelico', 'Coffee', 'Cream', 'Unfilled', 'Unfilled', 'Unfilled', 'Unfilled']","['1 Cl', '', 'Unfilled', 'Unfilled', 'Unfilled', 'Unfilled', 'Unfilled', '1 Cl', '1 1/2', '4 Cl Hot', '', '', '', '', '']"
1560,,,,,,,"['Southern Comfort', 'Unfilled', 'Unfilled', 'Unfilled', -1.0, -1.0, -1.0, 'Amaretto', 'Sloe Gin', 'Lemon Juice', 'Unfilled', 'Unfilled', 'Unfilled', 'Unfilled', 'Unfilled']","['1 Oz', 'Unfilled', 'Unfilled', 'Unfilled', 'Unfilled', 'Unfilled', 'Unfilled', '1 Oz', '1/2 Oz', '1 Dash', '', '', '', '', '']"
1561,,,,,,,"['Orange Bitters', 'Unfilled', 'Unfilled', 'Unfilled', -1.0, -1.0, -1.0, 'Gin', 'Yellow Chartreuse', 'Lemon Peel', 'Unfilled', 'Unfilled', 'Unfilled', 'Unfilled', 'Unfilled']","['2 Dashes', 'Unfilled', 'Unfilled', 'Unfilled', 'Unfilled', 'Unfilled', 'Unfilled', '1 1/2 Oz', '3/4 Oz', 'Twist Of', '', '', '', '', '']"
1562,,,,,,,"['Gin', 'Unfilled', 'Unfilled', 'Unfilled', -1.0, -1.0, -1.0, 'Creme De Cacao', 'Light Cream', 'Nutmeg', 'Unfilled', 'Unfilled', 'Unfilled', 'Unfilled', 'Unfilled']","['1/2 Oz', 'Unfilled', 'Unfilled', 'Unfilled', 'Unfilled', 'Unfilled', 'Unfilled', '1/2 Oz White', '2 Oz', 'Unfilled', 'Unfilled', 'Unfilled', 'Unfilled', 'Unfilled', 'Unfilled']"
1563,,,,,,,"['Lemon Vodka', 'Unfilled', 'Unfilled', 'Unfilled', -1.0, -1.0, -1.0, 'Triple Sec', 'Pineapple Juice', 'Unfilled', 'Unfilled', 'Unfilled', 'Unfilled', 'Unfilled', 'Unfilled']","['1 1/2 Oz', 'Unfilled', 'Unfilled', 'Unfilled', 'Unfilled', 'Unfilled', 'Unfilled', '1 Dash', '1 Tblsp', '', '', '', '', '', 'Unfilled']"
1564,,,,,,,"['Blended Whiskey', 'Unfilled', 'Unfilled', 'Unfilled', -1.0, -1.0, -1.0, 'Dry Vermouth', 'Pineapple Juice', 'Unfilled', 'Unfilled', 'Unfilled', 'Unfilled', 'Unfilled', 'Unfilled']","['1 1/2 Oz', 'Unfilled', 'Unfilled', 'Unfilled', 'Unfilled', 'Unfilled', 'Unfilled', '1 Oz', '1 Oz', '', '', '', '', '', 'Unfilled']"
1565,,,,,,,"['Grenadine', 'Unfilled', 'Unfilled', 'Unfilled', -1.0, -1.0, -1.0, 'Orange Juice', 'Pineapple Juice', 'Cream', 'Unfilled', 'Unfilled', 'Unfilled', 'Unfilled', 'Unfilled']","['1 Cl', 'Unfilled', 'Unfilled', 'Unfilled', 'Unfilled', 'Unfilled', 'Unfilled', '1 Cl', '2 Cl', '4 Cl', '', '', '', '', '']"
1566,,,,,,,"['Amaretto', 'Unfilled', 'Unfilled', 'Unfilled', -1.0, -1.0, -1.0, 'Grand Marnier', 'Southern Comfort', 'Unfilled', 'Unfilled', 'Unfilled', 'Unfilled', 'Unfilled', 'Unfilled']","['1 Shot', 'Unfilled', 'Unfilled', 'Unfilled', 'Unfilled', 'Unfilled', 'Unfilled', '1 Shot', '1 Shot', '', '', '', '', '', 'Unfilled']"
1567,,,,,,,"['Dry Vermouth', 'Unfilled', 'Unfilled', 'Unfilled', -1.0, -1.0, -1.0, 'Bourbon', 'Blackberry Brandy', 'Lemon Juice', 'Lemon Peel', 'Unfilled', 'Unfilled', 'Unfilled', 'Unfilled']","['1 Oz', '', 'Unfilled', 'Unfilled', 'Unfilled', 'Unfilled', 'Unfilled', '1 Oz', '1 1/2 Tsp', '1 1/2 Tsp', '1 Twist Of', '', '', '', '']"
1568,,,,,,,"['Dry Vermouth', 'Unfilled', 'Unfilled', 'Unfilled', -1.0, -1.0, -1.0, 'Gin', 'Kummel', 'Unfilled', 'Unfilled', 'Unfilled', 'Unfilled', 'Unfilled', 'Unfilled']",
1569,,,,,,,"['Dark Rum', 'Unfilled', 'Unfilled', 'Unfilled', -1.0, -1.0, -1.0, 'Kahlua', 'Egg White', 'Unfilled', 'Unfilled', 'Unfilled', 'Unfilled', 'Unfilled', 'Unfilled']","['2 Oz', 'Unfilled', 'Unfilled', 'Unfilled', 'Unfilled', 'Unfilled', 'Unfilled', '1 Oz', '1', '', '', '', '', '', 'Unfilled']"
1570,,,,,,,"['Amaretto', 'Unfilled', 'Unfilled', 'Unfilled', -1.0, -1.0, -1.0, 'Dark Creme De Cacao', 'Coffee', 'Unfilled', 'Unfilled', 'Unfilled', 'Unfilled', 'Unfilled', 'Unfilled']","['3/4 Oz', 'Unfilled', 'Unfilled', 'Unfilled', 'Unfilled', 'Unfilled', 'Unfilled', '1/2 Oz', '8 Oz', '', '', '', '', '', 'Unfilled']"
1571,,,,,,,"['Amaretto', 'Unfilled', 'Unfilled', 'Unfilled', -1.0, -1.0, -1.0, 'Creme De Cacao', 'Light Cream', 'Unfilled', 'Unfilled', 'Unfilled', 'Unfilled', 'Unfilled', 'Unfilled']","['1/2 Oz', 'Unfilled', 'Unfilled', 'Unfilled', 'Unfilled', 'Unfilled', 'Unfilled', '1/2 Oz White', '2 Oz', '', '', '', '', '', 'Unfilled']"
1572,,,,,,,"['Water', 'Unfilled', 'Unfilled', 'Unfilled', -1.0, -1.0, -1.0, 'Ginger', 'Guava Juice', 'Lemon Juice', 'Pineapple', 'Sugar', 'Pineapple Juice', 'Unfilled', 'Unfilled']","['3/4 Cup', '', '', '', 'Unfilled', 'Unfilled', 'Unfilled', '2 Tsp', '2 Cups', '1 1/2 Tblsp', '1 1/2 Cup', '1 Cup', '3-4 Cups', '', '']"
1573,,,,,,,"['Amaretto', 'Unfilled', 'Unfilled', 'Unfilled', -1.0, -1.0, -1.0, 'Light Cream', 'Unfilled', 'Unfilled', 'Unfilled', 'Unfilled', 'Unfilled', 'Unfilled', 'Unfilled']","['1 1/2 Oz', 'Unfilled', 'Unfilled', 'Unfilled', 'Unfilled', 'Unfilled', 'Unfilled', '1 1/2 Oz', '', '', '', '', '', 'Unfilled', 'Unfilled']"
1574,,,,,,,"['Sugar', 'Food Coloring', 'Glycerine', 'Unfilled', -1.0, -1.0, -1.0, 'Water', 'Apricot', 'Almond Flavoring', 'Grain Alcohol', 'Water', 'Brandy', 'Food Coloring', 'Food Coloring']","['1 Cup', '2 Drops Blue', '1/2 Tsp', '', '', '', '', '3/4 Cup', '2', '1 Tblsp', '1/2 Cup Pure', '1/2 Cup', '1 Cup', '3 Drops Yellow', '6 Drops Red']"
1575,,,,,,,"['Amaretto', 'Unfilled', 'Unfilled', 'Unfilled', -1.0, -1.0, -1.0, 'Lime', 'Unfilled', 'Unfilled', 'Unfilled', 'Unfilled', 'Unfilled', 'Unfilled', 'Unfilled']","['1 1/2 Oz', 'Unfilled', 'Unfilled', 'Unfilled', 'Unfilled', 'Unfilled', 'Unfilled', '1', '', '', '', '', '', 'Unfilled', 'Unfilled']"
1576,,,,,,,"['Amaretto', 'Unfilled', 'Unfilled', 'Unfilled', -1.0, -1.0, -1.0, 'Lime Juice', 'Club Soda', 'Unfilled', 'Unfilled', 'Unfilled', 'Unfilled', 'Unfilled', 'Unfilled']","['1 1/2 Oz', 'Unfilled', 'Unfilled', 'Unfilled', 'Unfilled', 'Unfilled', 'Unfilled', '1/2 Oz', '', '', '', '', '', '', 'Unfilled']"
1577,,,,,,,"['Chocolate Ice-cream', 'Unfilled', 'Unfilled', 'Unfilled', -1.0, -1.0, -1.0, 'Brandy', 'Amaretto', 'Unfilled', 'Unfilled', 'Unfilled', 'Unfilled', 'Unfilled', 'Unfilled']","['2 Scoops', 'Unfilled', 'Unfilled', 'Unfilled', 'Unfilled', 'Unfilled', 'Unfilled', '2 Oz', '2 Oz', '', '', '', '', '', 'Unfilled']"
1578,,,,,,,"['Amaretto', 'Unfilled', 'Unfilled', 'Unfilled', -1.0, -1.0, -1.0, 'Sour Mix', 'Unfilled', 'Unfilled', 'Unfilled', 'Unfilled', 'Unfilled', 'Unfilled', 'Unfilled']","['1 1/2 Oz', 'Unfilled', 'Unfilled', 'Unfilled', 'Unfilled', 'Unfilled', 'Unfilled', '3 Oz', '', '', '', '', '', 'Unfilled', 'Unfilled']"
1579,,,,,,,"['Amaretto', 'Unfilled', 'Unfilled', 'Unfilled', -1.0, -1.0, -1.0, 'White Creme De Menthe', 'Unfilled', 'Unfilled', 'Unfilled', 'Unfilled', 'Unfilled', 'Unfilled', 'Unfilled']","['1 1/2 Oz', 'Unfilled', 'Unfilled', 'Unfilled', 'Unfilled', 'Unfilled', 'Unfilled', '3/4 Oz', '', '', '', '', '', 'Unfilled', 'Unfilled']"
1580,,,,,,,"['Amaretto', 'Unfilled', 'Unfilled', 'Unfilled', -1.0, -1.0, -1.0, 'Sour Mix', 'Orange Juice', 'Unfilled', 'Unfilled', 'Unfilled', 'Unfilled', 'Unfilled', 'Unfilled']","['1 Part', 'Unfilled', 'Unfilled', 'Unfilled', 'Unfilled', 'Unfilled', 'Unfilled', '1 Part', '1 Part', '', '', '', '', '', 'Unfilled']"
1581,,,,,,,"['Sour Mix', 'Unfilled', 'Unfilled', 'Unfilled', -1.0, -1.0, -1.0, 'Amaretto', 'Tequila', 'Orange Juice', 'Unfilled', 'Unfilled', 'Unfilled', 'Unfilled', 'Unfilled']","['2 Oz', 'Unfilled', 'Unfilled', 'Unfilled', 'Unfilled', 'Unfilled', 'Unfilled', '2 Oz', '2 Oz', 'Add Splash', '', '', '', '', '']"
1582,,,,,,,"['Amaretto', 'Unfilled', 'Unfilled', 'Unfilled', -1.0, -1.0, -1.0, 'Orange Juice', 'Grenadine', 'Unfilled', 'Unfilled', 'Unfilled', 'Unfilled', 'Unfilled', 'Unfilled']","['1 Cl', 'Unfilled', 'Unfilled', 'Unfilled', 'Unfilled', 'Unfilled', 'Unfilled', '4 Oz', '1/4 Cl', '', '', '', '', '', 'Unfilled']"
1583,,,,,,,"['Triple Sec', 'Unfilled', 'Unfilled', 'Unfilled', -1.0, -1.0, -1.0, 'Amaretto', 'Cider', 'Ice', 'Unfilled', 'Unfilled', 'Unfilled', 'Unfilled', 'Unfilled']","['1/2 Jigger', 'Unfilled', 'Unfilled', 'Unfilled', 'Unfilled', 'Unfilled', 'Unfilled', '3 Shots', '1/2 Cup', 'Add 1/2 Cup', '', '', '', '', '']"
1584,,,,,,,"['Amaretto', 'Unfilled', 'Unfilled', 'Unfilled', -1.0, -1.0, -1.0, 'Sweet And Sour', 'Midori Melon Liqueur', 'Pineapple Juice', 'Unfilled', 'Unfilled', 'Unfilled', 'Unfilled', 'Unfilled']",
1585,,,,,,,"['Tea', 'Unfilled', 'Unfilled', 'Unfilled', -1.0, -1.0, -1.0, 'Amaretto', 'Whipped Cream', 'Unfilled', 'Unfilled', 'Unfilled', 'Unfilled', 'Unfilled', 'Unfilled']","['6 Oz Hot', 'Unfilled', 'Unfilled', 'Unfilled', 'Unfilled', 'Unfilled', 'Unfilled', '2 Oz', 'Chilled', '', '', '', '', '', 'Unfilled']"
1586,,,,,,,"['Campari', 'Unfilled', 'Unfilled', 'Unfilled', -1.0, -1.0, -1.0, 'Sweet Vermouth', 'Lemon Peel', 'Orange Peel', 'Unfilled', 'Unfilled', 'Unfilled', 'Unfilled', 'Unfilled']","['1 Oz', 'Unfilled', 'Unfilled', 'Unfilled', 'Unfilled', 'Unfilled', 'Unfilled', '1 Oz Red', 'Twist Of', 'Twist Of', '', '', '', '', '']"
1587,,,,,,,"['Apricot Brandy', 'Unfilled', 'Unfilled', 'Unfilled', -1.0, -1.0, -1.0, 'Apple Brandy', 'Gin', 'Unfilled', 'Unfilled', 'Unfilled', 'Unfilled', 'Unfilled', 'Unfilled']","['1/2 Oz', 'Unfilled', 'Unfilled', 'Unfilled', 'Unfilled', 'Unfilled', 'Unfilled', '1/2 Oz', '1 Oz', '', '', '', '', '', 'Unfilled']"
1588,,,,,,,"['Angelica Root', 'Water', 'Food Coloring', 'Food Coloring', -1.0, -1.0, -1.0, 'Almond', 'Allspice', 'Cinnamon', 'Anise', 'Coriander', 'Marjoram Leaves', 'Vodka', 'Sugar']","['3 Tblsp Chopped', '1/4 Cup', '1 Drop Yellow', '1 Drop Green', '', '', '', '1 Tblsp Chopped', '1 Cracked', '1 One-inch', '3-6 Crushed', '1/8 Tsp Powdered', '1 Tblsp Fresh Chopped', '1.5 Cup', '1/2 Cup Granulated']"
1589,,,,,,,"['Orange Juice', 'Unfilled', 'Unfilled', 'Unfilled', -1.0, -1.0, -1.0, 'Grapefruit Juice', 'Apple Juice', 'Maraschino Cherry', 'Unfilled', 'Unfilled', 'Unfilled', 'Unfilled', 'Unfilled']","['4 Cl', 'Unfilled', 'Unfilled', 'Unfilled', 'Unfilled', 'Unfilled', 'Unfilled', '3 Cl', '1 Cl', '1', '', '', '', '', '']"
1590,,,,,,,"['Berries', 'Unfilled', 'Unfilled', 'Unfilled', -1.0, -1.0, -1.0, 'Apple', 'Unfilled', 'Unfilled', 'Unfilled', 'Unfilled', 'Unfilled', 'Unfilled', 'Unfilled']","['1 Cup', 'Unfilled', 'Unfilled', 'Unfilled', 'Unfilled', 'Unfilled', 'Unfilled', '2', '', '', '', '', '', 'Unfilled', 'Unfilled']"
1591,,,,,,,"['Apple Cider', 'Unfilled', 'Unfilled', 'Unfilled', -1.0, -1.0, -1.0, 'Brown Sugar', 'Lemonade', 'Orange Juice', 'Cloves', 'Allspice', 'Nutmeg', 'Cinnamon', 'Unfilled']","['4 Qt', '', '', '', '', 'Unfilled', 'Unfilled', '1 Cup', '6 Oz Frozen', '6 Oz Frozen', '6 Whole', '6 Whole', '1 Tsp Ground', '3 Sticks', '']"
1592,,,,,,,"['Tequila', 'Unfilled', 'Unfilled', 'Unfilled', -1.0, -1.0, -1.0, 'Apple Cider', 'Unfilled', 'Unfilled', 'Unfilled', 'Unfilled', 'Unfilled', 'Unfilled', 'Unfilled']","['3 Oz', 'Unfilled', 'Unfilled', 'Unfilled', 'Unfilled', 'Unfilled', 'Unfilled', '12 Oz', '', '', '', '', '', 'Unfilled', 'Unfilled']"
1593,,,,,,,"['Apple Juice', 'Unfilled', 'Unfilled', 'Unfilled', -1.0, -1.0, -1.0, 'Carrot', 'Unfilled', 'Unfilled', 'Unfilled', 'Unfilled', 'Unfilled', 'Unfilled', 'Unfilled']","['2 Cups', 'Unfilled', 'Unfilled', 'Unfilled', 'Unfilled', 'Unfilled', 'Unfilled', '1 Large', '', '', '', '', '', 'Unfilled', 'Unfilled']"
1594,,,,,,,"['Apple Juice', 'Unfilled', 'Unfilled', 'Unfilled', -1.0, -1.0, -1.0, 'Malibu Rum', 'Cinnamon', 'Unfilled', 'Unfilled', 'Unfilled', 'Unfilled', 'Unfilled', 'Unfilled']","['3 Parts', 'Unfilled', 'Unfilled', 'Unfilled', 'Unfilled', 'Unfilled', 'Unfilled', '1 Part', '3 Dashes', '', '', '', '', '', 'Unfilled']"
1595,,,,,,,"['7-up', 'Unfilled', 'Unfilled', 'Unfilled', -1.0, -1.0, -1.0, 'Apple Schnapps', 'Unfilled', 'Unfilled', 'Unfilled', 'Unfilled', 'Unfilled', 'Unfilled', 'Unfilled']","['1 Part', 'Unfilled', 'Unfilled', 'Unfilled', 'Unfilled', 'Unfilled', 'Unfilled', '1 Part', '', '', '', '', '', 'Unfilled', 'Unfilled']"
1596,,,,,,,"['Applejack', 'Unfilled', 'Unfilled', 'Unfilled', -1.0, -1.0, -1.0, 'Triple Sec', 'Lemon Juice', 'Unfilled', 'Unfilled', 'Unfilled', 'Unfilled', 'Unfilled', 'Unfilled']","['1 Oz', 'Unfilled', 'Unfilled', 'Unfilled', 'Unfilled', 'Unfilled', 'Unfilled', '1 Oz', '1 Oz', '', '', '', '', '', 'Unfilled']"
1597,,,,,,,"['Jack Daniels', 'Unfilled', 'Unfilled', 'Unfilled', -1.0, -1.0, -1.0, 'Midori Melon Liqueur', 'Sour Mix', 'Unfilled', 'Unfilled', 'Unfilled', 'Unfilled', 'Unfilled', 'Unfilled']","['1 Oz', 'Unfilled', 'Unfilled', 'Unfilled', 'Unfilled', 'Unfilled', 'Unfilled', '1/2 Oz', '2 Oz', '', '', '', '', '', 'Unfilled']"
1598,,,,,,,"['Light Rum', 'Unfilled', 'Unfilled', 'Unfilled', -1.0, -1.0, -1.0, 'Apricot Brandy', 'Triple Sec', 'Lemon Juice', 'Egg White', 'Orange', 'Unfilled', 'Unfilled', 'Unfilled']","['1 1/2 Oz', '', '', 'Unfilled', 'Unfilled', 'Unfilled', 'Unfilled', '1 Oz', '1 Tsp', '1/2 Oz', '1', '1', '', '', '']"
1599,,,,,,,"['Apricot Brandy', 'Unfilled', 'Unfilled', 'Unfilled', -1.0, -1.0, -1.0, 'Champagne', 'Vodka', '7-up', 'Orange Juice', 'Unfilled', 'Unfilled', 'Unfilled', 'Unfilled']","['1 Qt', '', 'Unfilled', 'Unfilled', 'Unfilled', 'Unfilled', 'Unfilled', '4 Fifth', '1 Fifth', '4 L', '1/2 Gal', '', '', '', '']"
