,Name,Country,Winery,Variety,Province,Region,Points,Price
0,Martha's Vineyard,Us,Heitz,Cabernet Sauvignon,California,Napa Valley,96.0,235.0
1,Carodorum Selección Especial Reserva,Spain,Bodega Carmen Rodríguez,Tinta De Toro,Northern Spain,Toro,,110.0
2,Special Selected Late Harvest,,Macauley,Sauvignon Blanc,,Knights Valley,,90.0
3,Reserve,,Ponzi,Pinot Noir,Oregon,Willamette Valley,,65.0
4,La Brûlade,France,Domaine De La Bégude,Provence Red Blend,Provence,Bandol,95.0,66.0
5,Numanthia,,Numanthia,,,,,73.0
6,San Román,,Maurodos,,,,,
7,Carodorum Único Crianza,,,,,,,
8,Silice,,Bergström,,,Chehalem Mountains,,
9,Gap's Crown Vineyard,,Blue Farm,,,Sonoma Coast,,60.0
10,Ronco Della Chiesa,Italy,Borgo Del Tiglio,Friulano,Northeastern Italy,Collio,,80.0
11,Estate Vineyard Wadensvil Block,,Patricia Green Cellars,,,Ribbon Ridge,,48.0
12,Weber Vineyard,,,,,Dundee Hills,,
13,Château Montus Prestige,,Vignobles Brumont,Tannat,Southwest France,Madiran,,
14,Grace Vineyard,,Domaine Serene,,,,,185.0
15,Sigrid,,,Chardonnay,,,,
16,Rainin Vineyard,,Hall,,,Diamond Mountain District,,325.0
17,6 Años Reserva Premium,,Valduero,Tempranillo,,Ribera Del Duero,,
18,Le Pigeonnier,,Château Lagrézette,Malbec,,Cahors,,290.0
19,,,Gary Farrell,,,,,75.0
20,Grignolino,,,Rosé,,,,24.0
21,Prado Enea Gran Reserva,,Muga,Tempranillo Blend,,Rioja,,79.0
22,Termanthia,,,,,,,220.0
23,Giallo Solare,,Center Of Effort,,,Edna Valley,,
24,R-bar-r Ranch,,Comartin,,,Santa Cruz Mountains,,45.0
25,Maté's Vineyard,New Zealand,Kumeu River,,Kumeu,Unfilled,94.0,57.0
26,Shea Vineyard,,,,,,,62.0
27,Abetina,,,,,,,105.0
28,Garys' Vineyard,,Roar,,,Santa Lucia Highlands,,
29,The Funk Estate,,Saviah,Syrah,Washington,Walla Walla Valley (wa),,
30,Bergulé,Bulgaria,Villa Melnik,Mavrud,Bulgaria,,90.0,15.0
31,Babushka,,Zepaltas,,,Russian River Valley,,37.0
32,Vigna Piaggia,,Abbadia Ardenga,Sangiovese,Tuscany,Brunello Di Montalcino,,-1.0
33,Nonpareil Trésor Rosé Brut,,Bouvet-ladubay,Sparkling Blend,France Other,Vin Mousseux,,22.0
34,Conner Lee Vineyard,,Buty,,,Columbia Valley (wa),,42.0
35,Riserva,,Carillon,,,,,135.0
36,Unfilled,,Clos De L'oratoire Des Papes,Rhône-style White Blend,Rhône Valley,Châteauneuf-du-pape,,
37,,,Avignonesi,,,Vino Nobile Di Montepulciano,,29.0
38,,,Casina Di Cornia,,,Chianti Classico,,23.0
39,,,Castello Di Monterinaldi,Red Blend,,,,
40,Amandi,,Don Bernardino,Mencía,Galicia,Ribeira Sacra,,17.0
41,Alfonso Oloroso Seco,,González Byass,Palomino,Andalucia,Jerez,,26.0
42,Private Reserve,,Huston,Petite Sirah,Idaho,,,55.0
43,,,Rignana,,,,,39.0
44,Coteaux,,Tardieu-laurent,,,Cornas,,69.0
45,Vigneto Odoardo Beccari Riserva,,Vignavecchia,,,,,30.0
46,Poggio Alle Mura,,Banfi,,,,,
47,Estate Grown,,Brandlin,,,Mount Veeder,,
48,,,Brunelli Martoccia,,,,,50.0
49,,,Canvasback,,,Red Mountain,,40.0
50,,,Capanne Ricci,,,,,100.0
51,,,Chartron Et Trébuchet,,Burgundy,Chassagne-montrachet,,68.0
52,Les 7 Hommes,,Cherrier Frères,,Loire Valley,Sancerre,,
53,L'inédit,,Clement Et Florian Berthier,,,Coteaux Du Giennois,,28.0
54,,,De Loach,,,,,18.0
55,Four Flags,,Delille,,,,,
56,Le Pavé,,Domaine Vacheron,,,,,
57,,,Dr. Konstantin Frank,Riesling,New York,Finger Lakes,,25.0
58,Final Final,,Efeste,Cabernet Sauvignon-syrah,,,,
59,Poggio Bestiale,,Fattoria Di Magliano,,,Maremma Toscana,,
60,The Apple Doesn't Fall Far From The Tree,Argentina,Matias Riccitelli,,Mendoza Province,Mendoza,91.0,
61,,Australia,Moorooduc,,Victoria,Mornington Peninsula,,36.0
62,Alegoría Gran Reserva,,Navarro Correas,,,,,
63,L'homme Mort Premier Cru,,Domaine Chenevières,,,Chablis,,
64,,Portugal,Herdade Do Rocim,Portuguese Red,Alentejano,,,
65,Estate Select,,Jason-stephens,,,Santa Clara Valley,,
66,Fourchaume Premier Cru,,Louis Max,,,,,38.0
67,Animo,,Michael Mondavi Family Estate,,,,,85.0
68,Schindler Vineyard,,Panther Creek,,,Eola-amity Hills,,
69,Barrel Select,,Provenance Vineyards,,,Rutherford,,
70,District Collection,,Raymond,,,St. Helena,,
71,,,Red Car,,,,,
72,Bussia Riserva,,Silvano Bolmida,Nebbiolo,Piedmont,Barolo,,
73,,,Trinity Vineyards,Pinot Gris,,,,19.0
74,Premium,,Adega Cooperativa De Borba,,Alentejo,,,
75,Premier Cuvée,,Archery Summit,,,,,54.0
76,Le Nombre D'or Brut Nature,,Aubry,,Champagne,Champagne,,
77,Juliana Vineyard,,B Cellars,,,,,
78,,,B Side,,,,,
79,Boscato,,Bel Colle,,,,,
80,Aeolian,,Bethel Heights,,,,,
81,,Israel,Binyamina,,Upper Galilee,,,
82,Palliano Riserva,,Ceste,,,Roero,,
83,Del Comune Di Serralunga D'alba,,Cascina Cucco,,,,,59.0
84,Bricco Luciani,,Cascina Del Monastero,,,,,
85,Bricco Gattera,,Cordero Di Montezemolo,,,,,
86,Montmains Premier Cru,,Domaine Gérard Duplessis,,,,,
87,,,Eagle Glen,,,,,
88,Bacigalupi Vineyard,,Eleven Eleven,,,,,
89,Magnificat,,Franciscan,Meritage,,,,
90,,,Belle Ambiance,,,California,86.0,10.0
91,Marquês De Marialva Rosé Bruto,,Adega De Cantanhede,Baga,Beira Atlantico,,,12.0
92,Nature,,De Stefani,Glera,Veneto,Prosecco,,
93,Small Lot Blend,,Parducci,,,Mendocino County,,13.0
94,Muros De Vinha,,Quinta Do Portal,,Douro,,,
95,Château Beauvillain-monpezat,,Rigal,Malbec-merlot,,,,14.0
96,,,The Naked Grape,,,,,
97,,,Tin Barn,,,Sonoma Valley,,
98,Pigmentum,,Georges Vigouroux,Merlot-malbec,,Buzet,,
99,,,,Ugni Blanc-colombard,,Côtes De Gascogne,,
100,,,Hawk Watch Winery,Viognier,,South Coast,,
101,Stephanie,,Hestan,,,,,
102,,,Il Grappolo,,,,,
103,Bella's Blend,,Ehret,Cabernet Sauvignon-cabernet Franc,,,,
104,Tears Of Dew Late Harvest,,Eos,Moscato,,Paso Robles,,20.0
105,Tudor Hills Vineyard,,Martinez & Martinez,Pinot Grigio,,Yakima Valley,,
106,,,Ironstone,Cabernet Franc,,Lodi,,
107,,,Leaping Horse,,,,,
108,,,Kitchen Sink,White Blend,,,,
109,Homestead Block,,Kuleto Estate,,,,,
110,Companhia Das Lezírias Herdade De Catapereiro Single Vineyard,,Wines & Winemakers,,Tejo,,,
111,Terroir Único Pinot Noir,,Zorzal,,,Tupungato,,
112,Limited Release Cold Springs Vineyard,,Charles Krug,,,Howell Mountain,,125.0
113,Castle Hill Vineyard,,Millbrook,,,Hudson River Region,,
114,Circumstance,South Africa,Waterkloof,,Stellenbosch,,,
115,Reserva,,Viñalba,,,Valle De Uco,,
116,Dulce Tinto,,Casa De La Ermita,Monastrell,Levante,Jumilla,,
117,,,Château Clément Termes,,,Gaillac,,
118,Il Est Des Nôôôtres!,,Château Coutinel,Gamay,,,,
119,Convento Da Vila,,,,,,,7.0
120,The Flyer,,Macphail,,,,,
121,Charles Vineyard Clone 05,,Foursight,,,Anderson Valley,,49.0
122,Solomon Hills Vineyard Rosé,,Goat Bubbles,,,Santa Maria Valley,,
123,Paris Tasting Commemorative,,Grgich Hills,,,,,93.0
124,Methode A L'ancienne,,Navarro,,,,,32.0
125,,,,,,,,
126,Grand Wren,,Renwood,Zinfandel,,Amador County,,
127,Central Park West Vineyard,,Trinchero,,,,,
128,Arnegui Reserva,,Pagos Del Rey,,,,,
129,Chianta Bianco,,Biondi,,Sicily & Sardinia,Etna,,
130,,,Cantine Di Marzo,Greco,Southern Italy,Greco Di Tufo,,
131,,,Alexander-smith,,,,,
132,Cooper Ranch,,Andis,Barbera,,,,
133,,,Benziger,,,Sonoma County,,16.0
134,Longwood,,Beaucanon,,,,,
135,Estate,,Brecon Estate,Grenache,,Adelaida District,,
136,Mustang Springs,,Peachy Canyon,,,,,
137,Smc,,Three,Rhône-style Red Blend,,,,
138,Crianza,,Valdelacierva,,,,,
139,Le,,Château De Lancyre,,Languedoc-roussillon,Coteaux Du Languedoc Pic Saint Loup,,
140,,,Château Suau,,Bordeaux,Bordeaux Rosé,,
141,Rte Blanc,,Clif Family,,,,,
142,Hook Vineyard,,Santa Cruz Mountain Vineyard,,,,,
143,,,Schmidt,,,Applegate Valley,,
144,Jespersen Ranch,,Stephen Ross,Albariño,,,,
145,,,Goldeneye,,,,,
146,,,,,,,,
147,,,Mar De Viñas,,,Rías Baixas,,
148,,,Kessler-haak,,,Sta. Rita Hills,,
149,,,Larner,Malvasia Bianca,,Ballard Canyon,,
150,,,Bomb,,,,89.0,
151,Kapnias,Greece,Hatzimichalis,,Atalanti Valley,,,
152,Brut Reserva,,Bohigas,,Catalonia,Cava,,
153,,,Boutari,Assyrtiko,Santorini,,,21.0
154,Axia Malagouzia,,Alpha Estate,Malagouzia,Florina,,,
155,Ecos De Rulo Single Vineyard El Chequén Estate,Chile,Viña Bisquertt,Carmenère,Marchigue,,,
156,,,Chateau Quattre,Bordeaux-style Red Blend,,,,
157,,,Ledger David,,,Rogue Valley,,
158,Viña Real Gran Reserva,,Cvne,,,,,44.0
159,Fina Reserva Ensamblaje Malbec-cabernet Sauvignon-syrah,,Estampa,,Colchagua Valley,,,
160,Range 30 West,,Foxen 7200,,,Happy Canyon Of Santa Barbara,,
161,,,Irvine Family Vineyards,,,Oregon,,35.0
162,Gaudium,,Marqués De Cáceres,,,,,
163,,,Matchbook,,,Dunnigan Hills,,
164,Mill Road Vineyard,,Eberle,,,,,
165,Freedom Hill Vineyard,,Silvan Ridge,,,,,
166,Le Redini,,Tenuta Degli Dei,,,Toscana,,
167,Il Guardiano,,Poggio Mandorlo,,,,,
168,,,Quinta Das Carvalhas,Touriga Nacional,,,,
169,Del Arroyo Vineyard,,Occasio,,,Livermore Valley,,
170,,,Sanford,,,,,
171,Family Collection,,Santa Alba,,Curicó Valley,,,
172,,,,Agiorgitiko,Nemea,,,
173,Charles Vineyard Clone O5,,,,,,,
174,Héritages Elevé En Foudres De Chêne,,Ogier,,,Côtes Du Rhône,,
175,Gran Bajoz,,,,,,,
176,Palazzo Altesi,,Altesino,,,,,
177,Il Borgo,,Cabreo,,,,,
178,Lot 525,,Cameron Hughes,,,,,
179,Perla Negra,,Casa Donoso,,Maule Valley,,,61.0
180,,,Rodney Strong,,,,88.0,
181,Estate Reserve,,San Simeon,,,,,
182,Sonatera Vineyard,,Siduri,,,,,
183,Boushey Vineyard,,Syncline,Picpoul,,,,
184,Trinità Grand Reserve,,Piattelli,,,Luján De Cuyo,,
185,Entwined,,Pondera,,,,,34.0
186,French Camp Vineyard,,Tobin James,,,,,
187,,,,,,,,
188,Sobre Lías,,Valdesil,Godello,,Valdeorras,,
189,Negre,,Jaspi,,,Montsant,87.0,
190,,,Tupun,,,,,
191,,,Château Beauregard Lagupeau,,,Graves,,
192,,,Château Du Taillan,,,Haut-médoc,,
193,,,Château La Haye,,,Saint-estèphe,,
194,,,Château Lalande Mausse,,,Fronsac,,
195,,,Château Magnol,,,,,
196,,,Grand Pacific,,,,,
197,Rosé Of,,Hamilton,,,,,
198,Ingle Vineyard Unoaked,,Heron Hill,,,,,
199,Semi-dry,,,,,,,
200,,,Fox Run,,,,,
201,Ice Wine,,Glenora,,,,,
202,,,Château Roc Taillade,,,Médoc,,
203,,,Château Sénéjac,,,,,
204,,,Chateau Ste. Michelle,Gewürztraminer,,,,
205,,,Castle Rock,Merlot,,,,11.0
206,,,Dussek Family Cellars,,,,,
207,,,Serenity,,,,,
208,Weinbau,,Sol Stone,,,Wahluke Slope,,
209,Yá Cuvée 23 Brut Rosé,,Sumarroca,,,,,
210,,,Poças,,,,93.0,
211,Nervo,,Rizzi,,,Barbaresco,,
212,Rocky Ridge Vineyard,,Robert Biale,,,Rockpile,,
213,Fausoni,,Sottimano,,,,,58.0
214,Rosacker Grand Cru,,Domaine Jean-luc Mader,,Alsace,Alsace,,
215,Clos Häuserer Wintzenheim,,Domaine Zind-humbrecht,,,,,
216,Domaine Excelcio,Morocco,Bernard Magrez,Syrah-grenache,Guerrouane,,,
217,,,Borgogno,,,,,
218,Pfingstberg Paradis Grand Cru,,Domaine François Schmitt,,,,,
219,Altenberg De Bergheim Grand Cru Vieilles Vignes,,Gustave Lorentz,,,,,
220,Collaboration Series Vi Ciel Du Cheval Vineyard,,Force Majeure,G-s-m,,,,
221,Hastings Ranch Vineyard,,Anglim,Mourvèdre,,,,
222,Heissenberg,,Domaine Ostertag,,,,,
223,Stagecoach Vineyards The Biale Block,,,,,,,
224,Pajorè,,,,,,,
225,,,Château Raymond-lafon,Bordeaux-style White Blend,,Sauternes,,120.0
226,,,,,,Fort Ross-seaview,,
227,Collaboration Series V Ciel Du Cheval Vineyard,,,,,,,
228,White Hawk Vineyard,,Mulvane Wine Co.,,,Santa Barbara County,,
229,Quinta Dos Quatro Ventos Reserva,,Caves Aliança,,,,,41.0
230,Double Canyon Vineyard,,Double Canyon,,,Horse Heaven Hills,,
231,Red Rock Terrace,,Diamond Creek,,,,,200.0
232,Ciel Du Cheval Vineyard,,Côtes De Ciel,Petit Verdot,,,,
233,Kingpin,,Sparkman,,,,,
234,,,Punset,,,,,43.0
235,Domaine Saint-rémy Schlosberg Grand Cru,,Domaine Ehrhart,,,,92.0,
236,Pfersigberg Grand Cru,,Domaine Zinck,,,,,
237,Calcaire,,,,,,,
238,Dona Maria Reserva,,Dona Maria-júlio Bastos,,,,,
239,Coste Rubin,,Fontanafredda,,,,,
240,,,Château Chantemerle,,,Blaye Côtes De Bordeaux,,
241,,,Château Chaubinet,,,Bordeaux Blanc,,
242,,,Château Ferran,,,Pessac-léognan,,
243,,,Château Fongalan,,,Côtes De Bourg,,
244,,,Château Mezain,,,,,
245,,,Clos Du Val,,,Carneros,,
246,,,Coeur De Terre,,,Mcminnville,,
247,La Umbra,Romania,Cramele Halewood,,Colinele Dobrogei,,,9.0
248,Limited Selection,,Daniel Gehrs,,,Central Coast,,
249,Cuvée Luke Saralee's Vineyard,,Davis Family,,,,,
250,,,Decoy,,,,,
251,,,Reversanti,,,,,
252,Wits' End,,Roco,,,,,
253,Toyon Farm,,Saintsbury,,,,,
254,Early,,,Muscat,,,,
255,Bussia,,,,,,,56.0
256,,,St. Supéry,,,,,
257,Guidotti Vineyard,,Testarossa,,,,,
258,,,Trediberri,,,,,46.0
259,Prestigio,,Val De Los Frailes,,,Cigales,,
260,,,Yuntero,,Central Spain,La Mancha,,
261,Noctambule,,Musset-roullier,Chenin Blanc-chardonnay,,Crémant De Loire,,
262,Querida,,Oso Libre,Cabernet Sauvignon-merlot,,,,
263,Primoroso,,,,,,,
264,,,Palladino,,,,,
265,Domaine De Saint-pierre,,Pierre Prieur Et Fils,,,,,
266,,,Bargetto,,,Monterey County,,
267,Anna's Estate Vineyard,,Adelaida,,,,,
268,,,Alma Rosa,,,,,
269,Single Vineyard Reserva,,Lamadrid,,,Agrelo,,
270,Pertuisots Premier Cru,,Domaine De Bellene,,,Beaune,,92.0
271,Clos Du Cailleret Premier Cru,,Domaine Vincent Girardin,,,,,94.0
272,Haynes Vineyard,,Failla,,,Coombsville,,
273,Suzuri Series Shake Ridge Ranch,,Gallica,,,,,
274,Vintage Brut,,J Vineyards & Winery,,,,,
275,,,Les Voleurs,,,,,
276,Sirmian,,Nals Margreid,Pinot Bianco,,Alto Adige,,27.0
277,Portal Do Fidalgo,,Provam,Alvarinho,Vinho Verde,,,
278,Mirabilis Grande Reserva,,Quinta Nova De Nossa Senhora Do Carmo,Portuguese White,,,,95.0
279,Solomon Hills Vineyard,,Ryan Cochrane,,,,,
280,Monte Carbonare,,Suavia,Garganega,,Soave Classico,,33.0
281,Quarz,,Cantina Terlano,Sauvignon,,,,
282,,,Château Du Cèdre,,,,,
283,Réserve,,Château Haut Selve,,,,,
284,Lampyridae Vineyards,,Communication Block,,,,,
285,Le Mistral Vineyard,,Baker & Brain,,,,,
286,Les Charmes Dessus,,,,,Santenay,,
287,Cuvée Germain,,Domaine D'en Ségur,,,Côtes Du Tarn,,
288,Quintessence,,Domaine Sangouard-guyot,,,Pouilly-fuissé,,
289,Clay Court,,Elk Cove,,,,,
290,,,Evening Land,,,Clos De Vougeot,,
291,,,Herdade De São Miguel,,,,,
292,,,Iris Vineyards,,,,,
293,Kruse Vineyards,,Jack Creek,,,,,
294,Cami Salié,,Lionel Osmin & Cie,Gros And Petit Manseng,,Jurançon Sec,,
295,,,Brick & Mortar,,,,,
296,Prail,,Colterenzio,,,,,
297,Puiten,,,,,,,
298,,,Cuvaison,,,,,
299,Nova Vineyard,,,,,Clear Lake,,
300,,,,,,,,
301,Estate Bottled,,Smith-madrone,,,,,
302,Vigneto Monte Sant'urbano,,Speri,,,Amarone Della Valpolicella Classico,,
303,White,,Stony Hill,,,,,
304,Sierra Madre Vineyard,,,,,,,
305,,,,,,,,
306,Bergström Vineyard,,,,,,,
307,Angel Hawk,,Black Kite,,,,,
308,King Ridge Vineyard Hirsch Selection,,,,,,,70.0
309,Evenstad Reserve,,,,,,,
310,,,,,,,,
311,Contrada Salvarenza Vecchie Vigne,,Gini,,,,,
312,La Froscà,,,,,,,
313,Outer Limits,,Parallel,,,,,155.0
314,Durant Vineyard Bishop Block,,,,,,,
315,Godspeed,,Sbragia,,,,,
316,Tognetti Vineyard Brut,,Schramsberg,,,,,
317,Ribbon Ridge Estate,,Trisaetum,,,,,
318,Château Montus,,,Tannat-cabernet,,,,
319,Old Stones,,Waters,,,,,
320,La Bégude,,,,,,,
321,Qp,,Bodega Classica,,,,,
322,,,Château Vignelaure,,,Coteaux D'aix-en-provence,,
323,Prestigio Pago De Las Solanas,,Matarromera,,,,,
324,Pellet Vineyard,,Pellet Estate,,,,,
325,,,,,,,,
326,Alta Barrancas Vineyards,,Pascual Toso,,,,,
327,Garrus,,Château D'esclans,,,Côtes De Provence,,
328,Cuvée Marguerite Massaut,,,,,,,
329,Aurora Vineyard,,,,,,,63.0
330,Monvigliero,,Fratelli Alessandria,,,,,
331,Graacher Himmelreich Kabinett,Germany,Friedrich-wilhelm-gymnasium,,Mosel,,,
332,Latro,,Galerie,,,,,
333,Etiqueta Ambar,,Granbazán,,,,,
334,Grieve Family Vineyard,,Grieve,,,,,
335,Grande Rocim Reserva,,,Alicante Bouschet,,,,130.0
336,Xcv,,Jada Vineyard & Winery,,,Paso Robles Willow Creek District,,
337,,,La Crema,,,,,
338,,,Lawer,,,,,
339,Bergera Pezzole,,Le Strette,,,,,
340,Coste Di Rose,,Marchesi Di Barolo,,,,,
341,Emblem Oso Vineyard,,,,,,,
342,Brunate,,Oddero,,,,,115.0
343,Estate Cuvée,,Small Vines,,,,,
344,Telhas,,Terras De Alter,,,,,
345,Terra D'alter,,,Aragonês,,,,
346,Lone Oak Vineyard,,,,,,,
347,Starr Ridge Vineyard Estate,,Thomas George,,,,,
348,Saulheimer Probstey Trocken,,Thörle,Silvaner,Rheinhessen,,,
349,Paesi Tuoi,,Vite Colte,,,,,
350,,,Wedell Cellars,,,,,
351,Juliard Vineyard,,Winderlea,,,,,
352,Grand Cru Blanc De Blancs Chouilly Brut,,A.r. Lenoble,,,,,
353,Garrafeira,,,,,,,
354,Brut Rosé,,Argyle,,,,,
355,,,Bazelet Hagolan,,Golan Heights,,,
356,Rosella's Vineyard,,Bernardus,,,,,
357,,,Big Table Farm,,,,,
358,Parej,,Icardi,,,,,
359,,,,,,,,
360,Cuore Della Vigne,,Le Vigne,,,,,
361,Kiler Grove Vineyard,,Paix Sur Terre,Ugni Blanc,,,,
362,Winemaker's Reserve,,Reustle,Grüner Veltliner,,Umpqua Valley,,
363,Galets Oligocène,,Domaine Bott-geyl,,,,,
364,,,Domaine Faiveley,,,Gevrey-chambertin,,
365,,,Pike Road,,,,,
366,,,Planeta,Frappato,,Vittoria,,
367,Dry,,Schnaitmann,Lemberger,Württemberg,,,
368,Vieilles Vignes,,,Sylvaner,,,,
369,,,Domaine Schoffit,Chasselas,,,,
370,Zind,,,Alsace White Blend,,,,
371,,,Firesteed,,,,,
372,Sisters Estate,,The Eyrie Vineyards,,,,,
373,Domaine Du Pavillon Clos Des Ursulines,,Albert Bichot,,,Pommard,,
374,Adenzia,,Baglio Del Cristo Di Campobello,,,Sicilia,,
375,Sp68 Bianco,,Occhipinti,,,Terre Siciliane,,
376,,,J. Scott Cellars,,,,,
377,,,Villa Raiano,,,,,
378,Bernkasteler Badstube Kabinett,,Dr. H. Thanisch (erben Thanisch),,,,,31.0
379,,,Hahn,,,,,
380,,,Lyeth,,,North Coast,,
381,Classic Collection,,Napa Cellars,,,,,
382,Rector Creek Vineyard,,Paraduxx,,,,,
383,,,Quintana De Cue,,,,,
384,Trocken,,Winzergenossenschaft Mayschoss-altenahr,Früburgunder,Ahr,,,
385,Orquestal,,Casa Del Valle,,,,,
386,,,Freemark Abbey,,,,,
387,Olson Vineyard,,Joleté,,,Dry Creek Valley,,
388,The Truant,,Prospect 772,,,,,
389,,,Boatique,,,Red Hills Lake County,,
390,Proprietor's Reserve,,Hearst Ranch,,,,,
391,Cabovation Destiny Vineyards Mt. Christo Block Reserve,,Hunt Cellars,,,,,
392,,,La Fiorita,,,,,
393,Seven Hills Vineyard,,Merry Cellars,,,,,
394,Compendium,Canada,Mission Hill,,British Columbia,Okanagan Valley,,
395,Albariño De Fefiñanes,,Palacio De Fefiñanes,,,,,
396,Terre De Maimbray,,Pascal & Nicolas Reverdy,,,,,
397,Villa Al Cortile Riserva,,Piccini,,,,,
398,,,Pietranera,,,,,
399,Alb De Purcari,Moldova,Purcari,,Moldova,,,
400,,,Renieri,,,,,
401,,,Podere Scopetone,,,,,
402,,,Sesta Di Sopra,,,,,
403,Trois Fleurs,,Carlson,,,Santa Ynez Valley,,
404,Cuvée Setier,,Château Pégau,,,Côtes Du Rhône Villages,,
405,Cuvée De Nalys,,Kirkland Signature,,,,,
406,Kate's + B's,,Medlock Ames,,,Alexander Valley,,
407,New Generation,,Passaggio,,,,,
408,,,Patland,,,,,
409,Signpost,,Trig Point,,,,,
410,Mirlo Blanco,,Valquejigoso,,Spain Other,Spain,,
411,Steiner,Hungary,Weninger,Kekfrankos,Sopron,,,
412,,,Tenuta Di Sesta,,,,,
413,,,Terlato,,,,,
414,,,The Calling,,,,,
415,Elevation Annadel Gap Vineyard Estate,,Westwood,,,,,
416,,,Fenestra,,,,,
417,Berardo Riserva,,Castello Di Bossi,,,,,
418,,,Cecchi,,,,,
419,,,Cafaggio,,,,,
420,,,,,,,,
421,Rapscallion,,League Of Rogues,,,,,
422,,,,,,,,
423,,,,,,,,
424,,,,,,,,
425,,,Trus,,,,,
426,,,Va Piano,,,,,
427,Cuvée Lucie,,Les Hauts De Tousquiron,,,,,
428,Chandler Vineyard,,Mcgrail,,,,,
429,Freakshow,,Michael David,,,,,
430,,,3 Horse Ranch Vineyards,,,,,
431,Southern,,Cairdeas,,,,,
432,Vigna Poggio Ronconi,,Citille Di Sopra,,,,,
433,Filo Di Seta,,Castello Romitorio,,,,,98.0
434,,,Château De Portets,,,,,
435,,,Villa San Juliette,,,,,
436,Unoaked,,Hat Ranch,,,,,
437,Chicken Dinner,,,,,,,
438,Pagliatura,,,Vermentino,,,,
439,Buleria Fino,,Bodegas Dios Baco S.l.,Sherry,,,,
440,Scirè,,Ceralti,,,Bolgheri,,
441,,,Coiled,,,,,
442,,,Condado De Oriza,,,,,
443,,,Delgado Zuleta,,,Manzanilla-sanlúcar De Barrameda,,
444,Roble 4 Meses En Barrica,,Señorío De Sotillo,,,,,
445,U50,,Vale,,,,,
446,Brunus,,Portal Del Montsant,,,,,
447,,,La Collina Dei Lecci,,,,,52.0
448,Vigna Manapetra Riserva,,Fattoria La Lecciaia,,,,,
449,,,Ferrero,,,,,
450,Superior,,Colinas Do Douro,,,,,
451,Senza Solfiti Aggiunti,,Latium Di Morini,,,Soave,,
452,Cannon Block,,,,,,,
453,,,,,,,,
454,Conde Vimioso Colheita Seleccionada,,Falua,,,,,
455,Alma Mora,,Finca Las Moras,,Other,San Juan,,
456,,,,,,,,
457,Duas Quintas Branco,,Ramos-pinto,,,,,
458,Estate Grown Cabernet,,Obelisco Estate,,,,,
459,,,Orsi Family Vineyards,Aglianico,,,,
460,,,Bota Box,,,,,
461,,,Bouchard Finlayson,,Walker Bay,,,
462,Porter And Plot,,Winc,,,,,
463,,,Cass,,,,,
464,,,,,,,,
465,,,Angeline,,,,,
466,,,Domaine De Lamothe,,,,,
467,,,Don Miguel Gascón,,,,,
468,Estate Vineyard,,,,,,,
469,,,Finca La Malena,Torrontés,,,,
470,,,Firestone,,,,,
471,Portal Da Vinha,,Companhia Das Quintas,,,,,
472,Osborn Ranch,,Delorimier,Primitivo,,,,
473,Cabriz,,Global Wines,,Dão,,,
474,,,Guenoc,,,,,
475,The Deep Six,,,,,,,
476,,,,Semillon-sauvignon Blanc,,Bergerac Sec,,
477,,,,,,,,
478,Oculto,,Quinta Do Arrobe,,,,,
479,,,,Portuguese Rosé,,,,
480,,,,,,,,
481,,,,,,,,
482,Bastide De Beauvert,,Les Vignobles Foncalieu,Grenache-syrah,,,,
483,Montesodi,,Marchesi De' Frescobaldi,,,,,
484,Les Gravels,,Domaine Rotier,,,,,
485,,,,,,,,
486,Wehlener Sonnenuhr Kabinett,,Dr. Pauly Bergweiler,,,,,
487,Cuvée Du Prince Metodo Classico,,Cave Du Vin Blanc De Morgex Et De La Salle,Prié Blanc,Italy Other,Vino Spumante,,
488,,,Aubichon Cellars,,,,,
489,Cheval Rouge Reserve,,Boëté,,,Carmel Valley,,
490,Coniale,,Castellare Di Castellina,,,,,
491,La Guillotte,,Château Bouissel,Negrette,,Fronton,,
492,Nicholas Estate Reserve,,Anam Cara,,,,,
493,,,Carden,,,,,
494,Fourplay,,Carhartt Vineyard,,,,,
495,,,Quinta Da Romaneira,,Duriense,,,
496,Thompson Vineyard,,Rideau,,,,,
497,Daniello,,Tenuta Di Trecciano,,,,,
498,Il Tarabuso,,Terre Del Marchesato,,,,,
499,,,Vega Escal,,,Priorat,,
500,Belleruche,,M. Chapoutier,,,,,
501,Paderewski Vineyard,,Epoch Estate Wines,,,,,
502,Fina Reserva Ensamblaje Cabernet Sauvignon-malbec-syrah,,,,,,,
503,,,,,,,,
504,Martinelli,,Lone Madrone,,,,,
505,Momtazi Vineyard,,Kelley Fox,,,,,
506,Val Do Salnés,,Mar De Frades,,,,,
507,Carmione,,Pratesi,,,,,
508,,,Maitea,,,,,
509,Brut,,Castellroig,,,,,
510,Dutton Ranch Mill Station Vineyard,,Martin Ray,,,Green Valley,,
511,Brandluft Vieilles Vignes,,Boeckel,,,,,
512,Vinhas Velhas Grande Reserva,,Castello D'alba,,,,,
513,Black Chicken,,,,,,,
514,Cambium,,Sequoia Grove,,,,,
515,,,Vinroc,,,Atlas Peak,,
516,Fergalicious,,Ferguson Crest,,,,,
517,Cave Spring Vineyard Estate Bottled Vqa,,Cave Spring,,Ontario,Beamsville Bench,,
518,Loner W11-b,,Sanguis,,,,,
519,,,,,,,,
520,Hyde Vineyard,,Ram's Gate,,,,,
521,Vinha Pan,,Luis Pato,,Beiras,,,
522,Conner Lee,,Array,,,,,
523,,,Vie Winery,,,,,
524,Celilo Vineyard,,Woodward Canyon,,,Columbia Gorge (wa),,
525,Bruderbach Clos Des Frères,,Domaine Loew,,,,,
526,Jubiléé,,Hugel,,,,,
527,Melville Vineyard,,Lafond,,,,,
528,Quail Hill Vineyard,,Lynmar,,,,,
529,,,Royal Tokaji,Furmint,Tokaji,,,
530,Canova,,Ressia,,,,,
531,Kristen's Cuvee,,Rock Wall,,,,,
532,Sottocastello Di Novello Riserva,,Piazzo Armando,,,,,
533,,,Château Marsau,,,,,
534,Vale De Mata,,,,Lisboa,,,
535,Mandelberg Grand Cru,,Jean Becker,,,,,
536,Nielson Vineyard,,Byron,,,,,
537,Edición Limitada B,,Caliterra,,,,,
538,Collaboration Series,,,,,,,
539,Fort Ross Vineyard,,Fort Ross,,,,,
540,Monarch Mine Vineyards,,Easton,,,Sierra Foothills,,
541,,,,,,,,
542,Feinherb,,Kirsten,,,,,
543,Les Marconnets Premier Cru,,Labouré-roi,,,,,
544,,,,,,Morey-saint-denis,,
545,Estate Vineyards,,Macmurray Ranch,,,,,
546,Sundawg Ridge Vineyard,,,,,,,
547,Richter Estate,,Max Ferd. Richter,,,,,
548,,,Mccay Cellars,Carignane,,,,
549,Laluci,,,,,,,
550,Bastion Premier Cru,,Chanson Père Et Fils,,,,,
551,Rosenberg,,Domaine Barmès-buecher,,,,,
552,Clos De Jeu,,Domaine Collotte,,,Marsannay,,
553,L'aplomb,,Domaine Rieflé-landmann,,,,,
554,,,Domaine Weinbach,Pinot Blanc,,,,
555,,,Elizabeth Chambers,,,,,
556,Siccagno,,,Nero D'avola,,,,
557,Montecillo Vineyard,,Ordaz Family Wines,,,,,
558,Bianco Dry,,,,,Noto,,
559,,,Santo Wines,,,,,
560,Guadalupe Vineyard,,Soléna,,,,,
561,,,Stags' Leap Winery,,,,,
562,Belsito,,Terre Di Giurfo,,,,,
563,,,,,,,,
564,Fincas De La Villa Reserva,,Bodegas Muriel,,,,,
565,,,Burgo Viejo,,,,,
566,Made With Organically Grown Grapes,,Chacewater,,,,,
567,,,,,,,,
568,,,,,,,,
569,,,,,,,,
570,Sunny View,,,,,,,
571,Wichmann Dundee Estate,,,,,,,
572,Château Bouscassé,,,,,,,
573,,,Frank Family,,,,,
574,Haynes Old Block,,Ancien,,,,,
575,,,Barden,,,,,
576,,,,,,,,
577,Dou Barringuet,,Château De Gayon,,,,,
578,Cuvée Sandre,,Demetria,,,,,
579,Two Barns Vineyard,,,,,,,
580,Seigneur De Grézette,,,,,,,
581,Rogers Creek,,Cherry Pie,,,,,
582,,Austria,Johanneshof Reinisch,St. Laurent,Thermenregion,,,
583,,,21 Grams,,,Washington,,
584,Oliver's Vineyard,,Aperture,,,,,
585,Ocean's Ghost Babcock Vineyard,,Babcock,,,,,
586,Reserva Edición Especial Sergio Hernández,,Lleiroso,,,,,64.0
587,,,Meinklang,Blauburgunder,Burgenland,,,
588,,,Muhr-van Der Niepoort,Blaufränkisch,Carnuntum,,,
589,Bien Nacido Vineyard,,Nicora,,,,,
590,,,,,,,,
591,Medici Vineyard,,,,,,,
592,Story Vineyard,,,,,,,
593,Santa Catalina Island Vineyards,,Rusack,,,,,
594,Hughes,,,,,,,
595,The Butcher,,Schwarz Wein,,,,,
596,A Ken Forrester Wine Farrow Ranch,,The Bridge,,,,,
597,Scottsdale Vineyard,,Harney Lane,,,,,
598,,,Pago De Carraovejas,,,,,91.0
599,,,,,,,,
600,Hendry Vineyard,,,,,,,
601,,,Thistle,,,,,
602,,,Vitesse,,,,,
603,Lua Cheia Em Vinhas Velhas Reserva,,,,,,,
604,Punggl,,,,,,,
605,Bald Mountain Vineyard,,Beauregard,,,Ben Lomond Mountain,,
606,Hochheimer Domdechaney Trocken,,Domdechant Werner,,Rheingau,,,
607,Ayler Kupp Kabinett,,Bischöfliche Weingüter Trier,,,,,
608,Medium Dry Kabinett,,Schloss Vollrads,,,,,
609,Löhrer Berg Spätlese,,Bürgermeister Willi Schweinhardt,Scheurebe,Nahe,,,
610,Ürziger Würzgarten Spätlese,,C.h. Berres,,,,,
611,Manna,,Franz Haas,,,Vigneti Delle Dolomiti,,
612,Oregon Hawks View Vineyard,,Hawks View,,,,,
613,Olho De Mocho Reserva,,,,,,,
614,,,,,,,,
615,,,L. Tramier & Fils,,,Corton,,
616,Lorenzo Vineyard,,La Follette,,,,,
617,Jillian's Blend,,Laird,,,,,
618,Rodgers Creek Vineyard,,,,,,,
619,Bernkasteler Badstube Spätlese,,Dr. Heidemanns-bergweiler,,,,,
620,Graacher Himmelreich Auslese,,,,,,,
621,Bernkasteler Lay Kabinett,,Dr. Loosen,,,,,
622,Bernkasteler Alte Badstube Am Doctorberg Kabinett,,,,,,,
623,Scharzhofberger Kabinett,,,,,,,
624,Trittenheimer Apotheke Auslese,,Bollig-lehnert,,,,,
625,Griva Vineyard Late Harvest,,,,,Arroyo Seco,,
626,Lahn,,Cantina Produttori San Michele Appiano,,,,,
627,,,Château Devise D'ardilley,,,,,
628,Cabriz Reserva,,Dão Sul,,,,,
629,Les Monts De Boncourt,,,,,Côtes De Nuits Villages,,
630,,,Louis M. Martini,,,,,
631,The Dagger,,Riposte,,South Australia,Adelaide Hills,,
632,Cannubi Boschis,,Virna Borgogno,,,,,
633,Casa Velha Colheita Seleccionada,,Adega De Favaios,,,,,
634,,,Alessandro Rivetto,,,,,
635,Soul Shaker Cass Vineyard,,Ascension Cellars,,,,,
636,,,Balletto,,,,,
637,Sottocastello Di Novello,,Ca' Viola,,,,,
638,,,Cantina Del Nebbiolo,,,,,
639,Bricco Rocca,,Cascina Ballarin,,,,,
640,Sil Nizza,,Cascina Liuzzi,,,Barbera D'asti Superiore,,
641,Sin Palabras Castrovaldés,,Castro Brey,,,,,
642,,,Chamisal Vineyards,,,,,
643,Prieuré De Cénac,,Château Saint-didier-parnac,,,,,
644,Contraste Branco,,Conceito Vinhos,,,,,
645,,,David Hill,,,,,
646,,,,,,,,
647,La Croix D'argon,,Domaine D'arton,,,,,
648,Vaillons Premier Cru,,,,,,,
649,Graacher Himmelreich Spätlese,,,,,,,
650,Laki's Vineyard Estate,,,,,Oak Knoll District,,111.0
651,Bricco Dei Merli,,Elvio Cogno,,,Barbera D'alba,,
652,,,Folin Cellars,,,,,
653,Marasco,,Franco M. Martinetti,,,,,88.0
654,Backbone,,King Estate,,,,,
655,Campbell Mckinney Vineyard,,Kobler,,,,,
656,Truffle Hill,,Left Coast Cellars,,,,,
657,Fraschin,,Manzone Fratelli,,,,,
658,Pressenda,,Marziano Abbona,,,,,74.0
659,Roche D'ampsej,,Matteo Correggia,,,,,
660,Applejack Vineyard,,Giant Steps,,,Yarra Valley,,
661,,,Domaine Gérard Fiou,,,,,
662,Grande Reserve,,Domaine Jean Bousquet,,,,,
663,Le Pierrier,,Domaine Thomas & Fils,,,,,
664,The Mariner,,Dry Creek Vineyard,,,,,
665,,,Epiphany,,,,,
666,,,Etienne De Tauriac,,,,,
667,,,Fog Crest,,,,,
668,Cuvée Silice,,Francis Blanchet,,,Pouilly-fumé,,
669,Mondoca Di Bussia,,Germano Angelo,,,,,
670,,,,,,,,
671,,,Gundlach Bundschu,,,,,
672,Cuvée C.m.,,Jean-max Roger,,,,,
673,,,Laetitia,,,Arroyo Grande Valley,,
674,Diversité,,Le Cadeau,,,,,
675,,,Lucas & Lewellen,,,,,
676,Riserva R5,Croatia,Bibich,,North Dalmatia,,,
677,Villero,,Boroli,,,,,77.0
678,Stainless,,,,,,,
679,,,Château De Cruzeau,,,,,
680,,,Château Lafargue,,,,,
681,,,Château Le Sartre,,,,,
682,,,Château Roc De Minvielle,,,,,
683,,,Chelsea Goldschmidt,,,,,
684,,,Clos Marsalette,,,,,
685,Sarah Jane's Block Reserve,,,,,,,
686,,,,,,,,
687,Spire,,,,,Carneros-napa Valley,,
688,,,Domaine De L'hermitage,,,Menetou-salon,,
689,Made With Organic Grapes,,Venta Morales,,,Vino De La Tierra De Castilla,,
690,,,Korbin Kameron,,,Moon Mountain District Sonoma County,,
691,Leopardi Brut Nature Gran Reserva,,Llopart,,,,,
692,Elenovo Nova Zagora,,Edoardo Miroglio,,Thracian Valley,,,
693,Sangiacomo Green Acres Hill,,Eric Kent,,,,,
694,,,Fess Parker,,,,,
695,,,,,,,,
696,,,Hazlitt 1852 Vineyards,,,,,
697,Lust,,Inspire Moore,,,,,
698,En Hommage,,Kevin White,,,,,
699,,,La Magia,,,,,
700,,,La Pitchoune,,,,,
701,,,Lazzeretti,,,,,
702,D,,Margerum,,,,,
703,1105,,Mcv,,,,,
704,Olivet Lane,,Merry Edwards,,,,,
705,,,,,,,,
706,,,Monticello Vineyards,,,,,
707,,,Niner,,,,,
708,Nance's Vineyard,,Ousterhout,,,,,
709,Redwood Ranch,,,,,,,
710,Damn Straight,,Plumb Cellars,,,,,
711,Brutus,Slovenia,Principiano Ferdinando,Ribolla Gialla,Goriska Brda,,,
712,,,Sarah's Vineyard,Charbono,,,,
713,,,Sassodisole,,,,,
714,,,Tinhorn Creek,,,,,
715,,,V. Sattui,,,,,
716,Viña Ab Amontillado Seco,,,,,,,
717,,,Il Brunone,,,,,
718,,,,,,,,
719,,,Prieuré De Montézargues,,,Tavel,,
720,Harvest,,,,,,,
721,Schaapenberg Vineyard Reserve,,Vergelegen,,,,,
722,Brutal,,Via Revolucionaria,,,,,
723,Familia Navarro Torrre Grand Gold Medal,,Bodega Las Cañitas,Malbec-cabernet Sauvignon,,Argentina,,
724,Barrelman's Select,,Fat Barrel,,Western Cape,,,
725,Saluté,,Rubino Estates Winery,,,,85.0,
726,Bélingard,,Château Bélingard,,,Bergerac Rosé,,
727,Les Petits Clément Merlot Duras,,,,,,,
728,,,Jack's House,,,,,
729,,,Joseph Drouhin,Pinot Noir-gamay,,Coteaux Bourguignons,,
730,,,Famiglia Cielo,Pinot Nero,,Delle Venezie,,
731,Oceanus Touriga Nacional-cabernet Sauvignon,,Fiuza,,,,,
732,Pigmentum Malbec,,,,,Côtes Du Lot,,
733,Les Terrasses,,,,,,,
734,,,Long Neck,,,,,
735,,,Mirassou,,,,,
736,,,,,,,,
737,,,The Seeker,,,,,
738,Monopolio,,Cantina Di Gambellara,,,,,
739,Nuna Estate,,Chakana,,,,,
740,Encosta Da Vinha,,Boas Quintas,,,,,
741,Crocodile's Lair Kaaimansgat,,,,Overberg,,,
742,Eggo Tinta De Tiza,,,,,,,
743,Colección Vivanco Dulce De Invierno Late Harvest,,Vivanco,,,,,
744,The Game Reserve,,Graham Beck,,Robertson,,,
745,,,,,,,,
746,Cruzat Brut Rosé Méthodo Tradicional,,Cruzat,,,,,
747,Cross Creek Vineyard,,Spann Vineyards,,,,,
748,Veni Vidi Vici,,Vini,,,,,
749,Admon Vineyard,,Carmel,,Galilee,,,
750,Château De Rouffiac Séduction,,Château Bovila,,,,,
751,Herència Del Padrí,,,,,,,
752,,,Hoopla,,,Yountville,,
753,La Presa Vineyard,,Kaena,,,,,
754,Bien Nacido,,La Fenêtre,,,,,
755,La Demoiselle De Laballe,,Laudet,Gros Manseng,,,,
756,,,Longoria,,,,,
757,Ad Astra,,Nittardi,,,,,
758,,,Opaque,,,,,
759,Oliviero Toscani,,Ot,,,,,
760,,,Primus,,Maipo Valley,,,
761,,,,,,,,
762,Reserve Rêve Estate,,Provincial Vineyards,,,,,
763,,,Raptor Ridge,,,,,
764,,,Ritual,,Casablanca Valley,,,
765,Cerviolo,,San Fabiano Calcinaia,,,,,
766,1865 Single Vineyard,,San Pedro,,Cachapoal Valley,,,
767,Grande Cuvée,,,,,,,
768,,,Sunstone,,,,,
769,Scipio,,Tenuta Sette Cieli,,,,,
770,La Capilla Single Vineyard,,Viu Manent,,,,,
771,,,A To Z,,,,,
772,Grenache,,Abacela,,,,,
773,Faith,,Aver Family Vineyards,,,,,
774,I Sodi Di San Niccolò,,,,,,,
775,Alma Grande Reserva,,Caves Velhas,,,,,
776,D. Fuas Reserva,,,,Terras Do Dão,,,
777,Magna Carta Reserva,,,,,,,
778,Justo,,Claro,,Leyda Valley,,,
779,Csv,,Clos Troteligotte,,,,,
780,,,Corte Dei Venti,,,,,
781,Tradizione,,Tenuta Vitanza,,,,,87.0
782,Copeland Vineayard,,Two Mountain,,,,,
783,Firma Riserva,,,,,,,
784,Intrepide,,Ott & Murphy,,,,,
785,,,Château Gazin Rocquencourt,,,,,
786,,,,,,,,
787,Les Hauts De Larrivet Haut-brion,,Château Larrivet Haut-brion,,,,,
788,,,Château Luchey-halde,,,,,
789,Dame De Coeur,,Château Peyfaures,,,Bordeaux Supérieur,,
790,Serres Ranch,,Highway 12,,,,,
791,Greppicante,,I Greppi,,,,,
792,,,Drytown,,,,,
793,Syzygy,,Entropy Cellars,,,,,
794,Canoe Ridge Vineyard,,,,,,,
795,,,Château Taffard De Blaignan,,,,,
796,Cockburn Ranch Vineyard,,College Cellars,,,,,
797,,,Coquerel Family Wine Estates,,,Calistoga,,
798,Bogle Vineyards,,Bogle,,,,,
799,Reserve Nellie Mae,,,,,,,
800,Lot 423,,,,,,,
801,Amatino,,Fujishin,,,,,
802,Bona Vita,,,,,,,
803,Buttner Vineyard,,Las Positas,,,,,
804,,,Maddalena,,,,,
805,Cellar 1879 Blend,,Markham,,,,,
806,,,Rooster Hill,,,,,
807,,,,,,,,
808,Block 007 Estate Vineyard,,Pedroncelli,,,,,
809,Mission St Vincent Réserve,,Producta Vignobles,,,Bordeaux,,
810,,,,,,,,
811,,,,,,,,
812,,,,,,,,
813,,,,,,,,
814,,,,,,,,
815,,,,,,,,
816,,,,,,,,
817,,,,,,,,
818,,,,,,,,
819,,,,,,,,
820,,,,,,,,
821,,,,,,,,
822,Circle S Vineyard,,Tetra,,,,,
823,,,Trefethen,,,,,
824,Rosato,,Girolamo Russo,Nerello Mascalese,,,,
825,The Dead Arm,,D'arenberg,Shiraz,,Mclaren Vale,,
826,,,Herencia,,,,,
827,Symphonia,,Levendi,,,,,
828,,,Monte Volpe,Negroamaro,,,,
829,,,Morse,,,,,
830,"Estate Grown, Produced And Bottled",,Naggiar,,,,,
831,Howell Mountain,,,,,,,
832,,,,,,,,
833,Amplus One,,Santa Ema,,Peumo,,,
834,,,Beronia,,,,,
835,Version Red Anna's Vineyard Reserve,,Adelaida Cellars,,,,,
836,Bailey Ranch Riserva,,Bella Luna,,,,,
837,,,,,,,,
838,Thanisch Kabinett,,,,,,,
839,,,,,,,,
840,,,,,,,,
841,,,,,,,,
842,Topaz Impérial Rosé,,Sparkling Pointe,Champagne Blend,,North Fork Of Long Island,,
843,Stymie Founder's Reserve,,Steele,,,Lake County,,
844,Brut Reserva Special Edition,,Torelló,,,,,
845,,,,,,,,
846,,,Anthony Road,,,,,
847,En Pimont,,Au Pied Du Mont Chauve,,,,,
848,,,Benoît Daridan,Romorantin,,Cour-cheverny,,
849,,,Benoît Girard,,,,,
850,Geza's Selection,,Buena Vista,,,,,
851,,,Burrowing Owl,,,,,
852,Nimbus Premium,,Castra Rubra,,,,,
853,Les Brunettes Et Planchots,,Château De Santenay,,,Aloxe-corton,,
854,,,Château Favray,,,,,
855,The Diva,,Chateau Lettau,,,,,
856,,,,,,,,
857,,,,,,,,
858,Lapola,,Dominio Do Bibei,,,,,
859,,,,,,,,
860,,,,,,,,
861,,,,,,,,
862,,,Luiano,,,,,
863,,,Villa Mangiacane,,,,,
864,Valcortes Crianza,,Maset Del Lleó,,,,,
865,,,Salcheto,,,,,
866,,,,,,,,
867,Il Palei,,Villa A Sesta,,,,,
868,,,Castello Della Paneretta,,,,,
869,,,,,,,,
870,,,,,,,,
871,,,,,,,,
872,,,,,,,,
873,,,,,,,,
874,Maria Di Brun,,Ca'romè,,,,,113.0
875,Vignoble D'e,,,,,,,
876,Vigna Del Gris,,Conterno Fantino,,,,,
877,Leon Riserva,,Rivetto,,,,,
878,Bedrock Vineyard,,,,,,,
879,,,Talley,,,,,
880,Cuvée Giulio I,,Tosti,,,Alta Langa,,
881,,,Veglio,,,,,
882,Seleção Do Enólogo,,Pedra Cancela,,,,,
883,Vale De Cavalos,,,,,,,
884,Schlossberg Grand Cru,,Joseph Fritsch,,,,,
885,Late Harvest,,Kiona,,,,,
886,Tierra Alta Vineyard,,,,,,,
887,Lone Oak Vineyard Estate,,Cooper-garrod,,,,,
888,,,Matteo,,,,,140.0
889,,,,Syrah-cabernet Sauvignon,,,,
890,Collaboration Series Force Majeure Vineyard,,,,,,,
891,Cuvée Jeanne Marie Williamson-dore Vineyard,,Foxen,,,,,
892,Tralca,,,,,,,
893,Underwood Mountain,,Savage Grace,,,,,
894,Portolan,,Sextant,,,,,
895,Avansino Grand Reserve,,Arbor Crest,,,,,
896,Sun Chase Vineyard,,,,,,,
897,Munjebel Bianco 9,,Frank Cornelissen,,,Vino Da Tavola,,
898,Sorì Tildin,,Gaja,,,Langhe,,500.0
899,,,,,,,,
900,Bramare,,Viña Cobos,,,,,
901,,,,,,,,
902,Silhouette,,Merryvale,,,,,
903,Crouzeilles-côte Abeilles,,Producteurs Plaimont,,,,,
904,Sonnie's Sawyer Lindquist Vineyard,,Qupé,,,,,
905,,,Sinor-lavallee,,,San Luis Obispo,,
906,Sullivan Vineyard Dutton Ranch,,,,,,,51.0
907,Cuvée 946,,Château Gassier,,,Côtes De Provence Sainte-victoire,,
908,Jadis,,Château Grand Boise,,,,,
909,,,,,,,,
910,Grande Cuvée No. 8,,Château Les Valentines,,,Côtes De Provence La Londe,,
911,Inspire,,Château Roubine,,,,,
912,,,Daou,,,,,
913,Sage Vineyard,,Darioush,,,,,
914,The Maneater Derby Vineyard,,Derby,,,,,
915,Récolte Grand Cru,,,,,,,
916,Sycamore Vineyard,,,,,,,150.0
917,Seven Pillars Jess' Block,,Hard Six Cellars,,,,,
918,Domaine,,,,,,,
919,Almancenista José Luis González Obregón Amontillado Del Puerto,,Lustau,,,,,
920,Balcombe Vineyard Block 1b,,,,,,,
921,Schwarze Vineyard Brut,,,,,,,
922,Château Bouscassé Menhir,,,Tannat-merlot,,,,
923,Flocchini Vineyard Petaluma Gap,,Waxwing,,,,,
924,,,San Vicente,,,,,
925,Deja Vu,,,,,,,
926,Top Cream Babcock Vineyard,,,,,,,
927,Temperance Hill Vineyard,,,,,,,
928,King Ridge Vineyard,,,,,,,
929,Jasper,,Challen,,,,,
930,,,,,,,,
931,,,,,,,,
932,,,,,,,,
933,,,,,,,,
934,Le Monde On Parle,,Domaine Des Terrisses,Duras,,,,
935,,,,,,,,
936,,,,,,,,
937,,,,,,,,
938,Marques De Casa Concha,,Concha Y Toro,,,,,
939,,,Conn Creek,,,,,
940,Hisenda Miret Microcuvée Garnatxa,,Parés Baltà,Garnacha,,Penedès,,
941,Estate Infrared,,,,,,,
942,Schwarzer Adler,,Franz Keller,,Baden,,,
943,,,Maray,,Limarí Valley,,,
944,Inferno,,Nino Negri,,Lombardy,Valtellina Superiore,,
945,Brut Cuvée,,,,,,,
946,D'aria,,Leopoldo I Di Toscana,,,,,
947,Logsdon Ridge Vineyard Rudolfo,,Lumos,,,,,
948,,,Maquis,,,,,
949,Potenti,,Petra,,,,,
950,Carvalhas,,,Tinta Francisca,,,,
951,Ser Gioveto,,Rocca Delle Macìe,,,,,
952,Pinot Noir,,Stoller,,,,,
953,Oakville Estate,,Tamber Bey,,,Oakville,,
954,,,Tenuta Di Trinoro,,,,,240.0
955,Crognolo,,Tenuta Sette Ponti,,,,,
956,Z'ivo Vineyard Reserve,,Walnut City Wineworks,,,,,
957,Andreza,,,,,,,
958,,,Ynot,,,,,
959,Ambelos Phos Roditis-moschofilero,,Zacharias,,Peloponnese,,,
960,San Bernardo Riserva,,Negro Angelo E Figli,,,,,
961,,,Obsidian,,,,,
962,,,,,,,,
963,Coro Mendocino,,Ray's Station Vineyards,,,Mendocino,,
964,,,Rioja Vega,,,,,
965,Zio Nando,,,,,,,
966,Special Reserve,,Segal's,,,,,
967,Mk Vineyard,,,,,,,72.0
968,Bockstein Ockfen Auslese Erste Lage,,St. Urbans-hof,,,,,
969,Whole Cluster,,Stemmler,,,,,
970,Mt. Tabor,,Tabor,,,,,
971,Castelletto,,Tenuta Duecorti,,,,,
972,Terra D'alter Reserva Branco,,,,,,,
973,,,,,,,,
974,Espero,,Tulip Winery,,,,,
975,,,,,,,,
976,Meredith Mitchell Vineyard,,,,,,,
977,,,Yatir,,Judean Hills,,,
978,Leon,,Cascina Luisin,,,,,
979,,,Azari,,,,,
980,Cannubi,,Borgogno Giacomo E Figli,,,,,
981,Rapet,,,,,,,103.0
982,Bernardot,,Ceretto,,,,,
983,Margheria,,Luigi Pira,,,,,
984,Ascheri,,Reverdito,,,,,
985,,,Valdubón,,,,,
986,Castiglione,,Vietti,,,,,
987,Coal River Valley Single Site,,Dalrymple,,Tasmania,Tasmania,,
988,Juel,,Antiquum Farm,,,,,
989,,,,,,,,
990,,,Marcello Turra,,,,,
991,,,Auspicion,,,,,
992,,,,,,,,
993,Campelo,,Caves Campelo,,,,,
994,Miranda,,,,,,,
995,Plexus Tinto,,Adega Cooperativa Do Cartaxo,,,,,
996,Blanc De Blancs Bruto,,,Portuguese Sparkling,,,,
997,La Galope,,Domaine De L'herré,,,,,
998,,,Domaine Du Touja,,,,,
999,,,Proemio,,,,,
1000,,,,,,Napa,,
1002,,,,,,Sonoma,,
1029,,,,,,Columbia Valley,,
1090,,,,,,California Other,,
1093,,,,,,Mendocino/lake Counties,,
1106,,,,,,Central Valley,,
1113,,,,,,New York Other,,
1143,,,,,,Southern Oregon,,
1161,,,,,,Oregon Other,,
1245,,,,,,Napa-sonoma,,
1524,,,,,,Washington Other,,
1842,,,,,,Long Island,,
2000,,,,,,"['Napa Valley', 'Napa']",,
2001,,,,,,"['Toro', 'Unfilled']",,
2002,,,,,,"['Knights Valley', 'Sonoma']",,
2003,,,,,,"['Willamette Valley', 'Willamette Valley']",,
2004,,,,,,"['Bandol', 'Unfilled']",,
2008,,,,,,"['Chehalem Mountains', 'Willamette Valley']",,
2009,,,,,,"['Sonoma Coast', 'Sonoma']",,
2010,,,,,,"['Collio', 'Unfilled']",,
2011,,,,,,"['Ribbon Ridge', 'Willamette Valley']",,
2012,,,,,,"['Dundee Hills', 'Willamette Valley']",,
2013,,,,,,"['Madiran', 'Unfilled']",,
2016,,,,,,"['Diamond Mountain District', 'Napa']",,
2017,,,,,,"['Ribera Del Duero', 'Unfilled']",,
2018,,,,,,"['Cahors', 'Unfilled']",,
2021,,,,,,"['Rioja', 'Unfilled']",,
2023,,,,,,"['Edna Valley', 'Central Coast']",,
2024,,,,,,"['Santa Cruz Mountains', 'Central Coast']",,
2025,,,,,,"['Unfilled', 'Unfilled']",,
2026,,,,,,"['Willamette Valley', 'Unfilled']",,
2028,,,,,,"['Santa Lucia Highlands', 'Central Coast']",,
2029,,,,,,"['Walla Walla Valley (wa)', 'Columbia Valley']",,
2031,,,,,,"['Russian River Valley', 'Sonoma']",,
2032,,,,,,"['Brunello Di Montalcino', 'Unfilled']",,
2033,,,,,,"['Vin Mousseux', 'Unfilled']",,
2034,,,,,,"['Columbia Valley (wa)', 'Columbia Valley']",,
2036,,,,,,"['Châteauneuf-du-pape', 'Unfilled']",,
2037,,,,,,"['Vino Nobile Di Montepulciano', 'Unfilled']",,
2038,,,,,,"['Chianti Classico', 'Unfilled']",,
2040,,,,,,"['Ribeira Sacra', 'Unfilled']",,
2041,,,,,,"['Jerez', 'Unfilled']",,
2044,,,,,,"['Cornas', 'Unfilled']",,
2047,,,,,,"['Mount Veeder', 'Napa']",,
2049,,,,,,"['Red Mountain', 'Columbia Valley']",,
2051,,,,,,"['Chassagne-montrachet', 'Unfilled']",,
2052,,,,,,"['Sancerre', 'Unfilled']",,
2053,,,,,,"['Coteaux Du Giennois', 'Unfilled']",,
2057,,,,,,"['Finger Lakes', 'Finger Lakes']",,
2059,,,,,,"['Maremma Toscana', 'Unfilled']",,
2060,,,,,,"['Mendoza', 'Unfilled']",,
2061,,,,,,"['Mornington Peninsula', 'Unfilled']",,
2063,,,,,,"['Chablis', 'Unfilled']",,
2065,,,,,,"['Santa Clara Valley', 'Central Coast']",,
2068,,,,,,"['Eola-amity Hills', 'Willamette Valley']",,
2069,,,,,,"['Rutherford', 'Napa']",,
2070,,,,,,"['St. Helena', 'Napa']",,
2072,,,,,,"['Barolo', 'Unfilled']",,
2076,,,,,,"['Champagne', 'Unfilled']",,
2082,,,,,,"['Roero', 'Unfilled']",,
2090,,,,,,"['California', 'California Other']",,
2092,,,,,,"['Prosecco', 'Unfilled']",,
2093,,,,,,"['Mendocino County', 'Mendocino/lake Counties']",,
2097,,,,,,"['Sonoma Valley', 'Sonoma']",,
2098,,,,,,"['Buzet', 'Unfilled']",,
2099,,,,,,"['Côtes De Gascogne', 'Unfilled']",,
2100,,,,,,"['South Coast', 'South Coast']",,
2104,,,,,,"['Paso Robles', 'Central Coast']",,
2105,,,,,,"['Yakima Valley', 'Columbia Valley']",,
2106,,,,,,"['Lodi', 'Central Valley']",,
2111,,,,,,"['Tupungato', 'Unfilled']",,
2112,,,,,,"['Howell Mountain', 'Napa']",,
2113,,,,,,"['Hudson River Region', 'New York Other']",,
2115,,,,,,"['Valle De Uco', 'Unfilled']",,
2116,,,,,,"['Jumilla', 'Unfilled']",,
2117,,,,,,"['Gaillac', 'Unfilled']",,
2121,,,,,,"['Anderson Valley', 'Mendocino/lake Counties']",,
2122,,,,,,"['Santa Maria Valley', 'Central Coast']",,
2126,,,,,,"['Amador County', 'Sierra Foothills']",,
2129,,,,,,"['Etna', 'Unfilled']",,
2130,,,,,,"['Greco Di Tufo', 'Unfilled']",,
2133,,,,,,"['Sonoma County', 'Sonoma']",,
2135,,,,,,"['Adelaida District', 'Central Coast']",,
2139,,,,,,"['Coteaux Du Languedoc Pic Saint Loup', 'Unfilled']",,
2140,,,,,,"['Bordeaux Rosé', 'Unfilled']",,
2143,,,,,,"['Applegate Valley', 'Southern Oregon']",,
2147,,,,,,"['Rías Baixas', 'Unfilled']",,
2148,,,,,,"['Sta. Rita Hills', 'Central Coast']",,
2149,,,,,,"['Ballard Canyon', 'Central Coast']",,
2152,,,,,,"['Cava', 'Unfilled']",,
2157,,,,,,"['Rogue Valley', 'Southern Oregon']",,
2160,,,,,,"['Happy Canyon Of Santa Barbara', 'Central Coast']",,
2161,,,,,,"['Oregon', 'Oregon Other']",,
2163,,,,,,"['Dunnigan Hills', 'Central Valley']",,
2166,,,,,,"['Toscana', 'Unfilled']",,
2169,,,,,,"['Livermore Valley', 'Central Coast']",,
2174,,,,,,"['Côtes Du Rhône', 'Unfilled']",,
2184,,,,,,"['Luján De Cuyo', 'Unfilled']",,
2188,,,,,,"['Valdeorras', 'Unfilled']",,
2189,,,,,,"['Montsant', 'Unfilled']",,
2191,,,,,,"['Graves', 'Unfilled']",,
2192,,,,,,"['Haut-médoc', 'Unfilled']",,
2193,,,,,,"['Saint-estèphe', 'Unfilled']",,
2194,,,,,,"['Fronsac', 'Unfilled']",,
2202,,,,,,"['Médoc', 'Unfilled']",,
2208,,,,,,"['Wahluke Slope', 'Columbia Valley']",,
2211,,,,,,"['Barbaresco', 'Unfilled']",,
2212,,,,,,"['Rockpile', 'Sonoma']",,
2214,,,,,,"['Alsace', 'Unfilled']",,
2225,,,,,,"['Sauternes', 'Unfilled']",,
2226,,,,,,"['Fort Ross-seaview', 'Sonoma']",,
2228,,,,,,"['Santa Barbara County', 'Central Coast']",,
2230,,,,,,"['Horse Heaven Hills', 'Columbia Valley']",,
2240,,,,,,"['Blaye Côtes De Bordeaux', 'Unfilled']",,
2241,,,,,,"['Bordeaux Blanc', 'Unfilled']",,
2242,,,,,,"['Pessac-léognan', 'Unfilled']",,
2243,,,,,,"['Côtes De Bourg', 'Unfilled']",,
2245,,,,,,"['Carneros', 'Napa-sonoma']",,
2246,,,,,,"['Mcminnville', 'Willamette Valley']",,
2248,,,,,,"['Central Coast', 'Central Coast']",,
2259,,,,,,"['Cigales', 'Unfilled']",,
2260,,,,,,"['La Mancha', 'Unfilled']",,
2261,,,,,,"['Crémant De Loire', 'Unfilled']",,
2266,,,,,,"['Monterey County', 'Central Coast']",,
2269,,,,,,"['Agrelo', 'Unfilled']",,
2270,,,,,,"['Beaune', 'Unfilled']",,
2272,,,,,,"['Coombsville', 'Napa']",,
2276,,,,,,"['Alto Adige', 'Unfilled']",,
2280,,,,,,"['Soave Classico', 'Unfilled']",,
2286,,,,,,"['Santenay', 'Unfilled']",,
2287,,,,,,"['Côtes Du Tarn', 'Unfilled']",,
2288,,,,,,"['Pouilly-fuissé', 'Unfilled']",,
2290,,,,,,"['Clos De Vougeot', 'Unfilled']",,
2294,,,,,,"['Jurançon Sec', 'Unfilled']",,
2299,,,,,,"['Clear Lake', 'Mendocino/lake Counties']",,
2302,,,,,,"['Amarone Della Valpolicella Classico', 'Unfilled']",,
2322,,,,,,"[""Coteaux D'aix-en-provence"", 'Unfilled']",,
2327,,,,,,"['Côtes De Provence', 'Unfilled']",,
2336,,,,,,"['Paso Robles Willow Creek District', 'Central Coast']",,
2362,,,,,,"['Umpqua Valley', 'Southern Oregon']",,
2364,,,,,,"['Gevrey-chambertin', 'Unfilled']",,
2366,,,,,,"['Vittoria', 'Unfilled']",,
2373,,,,,,"['Pommard', 'Unfilled']",,
2374,,,,,,"['Sicilia', 'Unfilled']",,
2375,,,,,,"['Terre Siciliane', 'Unfilled']",,
2380,,,,,,"['North Coast', 'North Coast']",,
2387,,,,,,"['Dry Creek Valley', 'Sonoma']",,
2389,,,,,,"['Red Hills Lake County', 'Mendocino/lake Counties']",,
2394,,,,,,"['Okanagan Valley', 'Unfilled']",,
2403,,,,,,"['Santa Ynez Valley', 'Central Coast']",,
2404,,,,,,"['Côtes Du Rhône Villages', 'Unfilled']",,
2406,,,,,,"['Alexander Valley', 'Sonoma']",,
2410,,,,,,"['Spain', 'Unfilled']",,
2440,,,,,,"['Bolgheri', 'Unfilled']",,
2443,,,,,,"['Manzanilla-sanlúcar De Barrameda', 'Unfilled']",,
2451,,,,,,"['Soave', 'Unfilled']",,
2455,,,,,,"['San Juan', 'Unfilled']",,
2476,,,,,,"['Bergerac Sec', 'Unfilled']",,
2487,,,,,,"['Vino Spumante', 'Unfilled']",,
2489,,,,,,"['Carmel Valley', 'Central Coast']",,
2491,,,,,,"['Fronton', 'Unfilled']",,
2499,,,,,,"['Priorat', 'Unfilled']",,
2510,,,,,,"['Green Valley', 'Sonoma']",,
2515,,,,,,"['Atlas Peak', 'Napa']",,
2517,,,,,,"['Beamsville Bench', 'Unfilled']",,
2524,,,,,,"['Columbia Gorge (wa)', 'Washington Other']",,
2540,,,,,,"['Sierra Foothills', 'Sierra Foothills']",,
2544,,,,,,"['Morey-saint-denis', 'Unfilled']",,
2552,,,,,,"['Marsannay', 'Unfilled']",,
2558,,,,,,"['Noto', 'Unfilled']",,
2583,,,,,,"['Washington', 'Washington Other']",,
2605,,,,,,"['Ben Lomond Mountain', 'Central Coast']",,
2611,,,,,,"['Vigneti Delle Dolomiti', 'Unfilled']",,
2615,,,,,,"['Corton', 'Unfilled']",,
2625,,,,,,"['Arroyo Seco', 'Central Coast']",,
2629,,,,,,"['Côtes De Nuits Villages', 'Unfilled']",,
2631,,,,,,"['Adelaide Hills', 'Unfilled']",,
2640,,,,,,"[""Barbera D'asti Superiore"", 'Unfilled']",,
2650,,,,,,"['Oak Knoll District', 'Napa']",,
2651,,,,,,"[""Barbera D'alba"", 'Unfilled']",,
2660,,,,,,"['Yarra Valley', 'Unfilled']",,
2668,,,,,,"['Pouilly-fumé', 'Unfilled']",,
2673,,,,,,"['Arroyo Grande Valley', 'Central Coast']",,
2687,,,,,,"['Carneros-napa Valley', 'Napa']",,
2688,,,,,,"['Menetou-salon', 'Unfilled']",,
2689,,,,,,"['Vino De La Tierra De Castilla', 'Unfilled']",,
2690,,,,,,"['Moon Mountain District Sonoma County', 'Sonoma']",,
2719,,,,,,"['Tavel', 'Unfilled']",,
2723,,,,,,"['Argentina', 'Unfilled']",,
2726,,,,,,"['Bergerac Rosé', 'Unfilled']",,
2729,,,,,,"['Coteaux Bourguignons', 'Unfilled']",,
2730,,,,,,"['Delle Venezie', 'Unfilled']",,
2732,,,,,,"['Côtes Du Lot', 'Unfilled']",,
2752,,,,,,"['Yountville', 'Napa']",,
2789,,,,,,"['Bordeaux Supérieur', 'Unfilled']",,
2797,,,,,,"['Calistoga', 'Napa']",,
2809,,,,,,"['Bordeaux', 'Unfilled']",,
2825,,,,,,"['Mclaren Vale', 'Unfilled']",,
2842,,,,,,"['North Fork Of Long Island', 'Long Island']",,
2843,,,,,,"['Lake County', 'Mendocino/lake Counties']",,
2848,,,,,,"['Cour-cheverny', 'Unfilled']",,
2853,,,,,,"['Aloxe-corton', 'Unfilled']",,
2880,,,,,,"['Alta Langa', 'Unfilled']",,
2897,,,,,,"['Vino Da Tavola', 'Unfilled']",,
2898,,,,,,"['Langhe', 'Unfilled']",,
2905,,,,,,"['San Luis Obispo', 'Central Coast']",,
2907,,,,,,"['Côtes De Provence Sainte-victoire', 'Unfilled']",,
2910,,,,,,"['Côtes De Provence La Londe', 'Unfilled']",,
2940,,,,,,"['Penedès', 'Unfilled']",,
2944,,,,,,"['Valtellina Superiore', 'Unfilled']",,
2953,,,,,,"['Oakville', 'Napa']",,
2963,,,,,,"['Mendocino', 'Mendocino/lake Counties']",,
2987,,,,,,"['Tasmania', 'Unfilled']",,
3000,,,,,,,,
3001,,,,,,,,
3002,,,,,,,,
3003,,,,,,,,
3004,,,,,,,,
3005,,,,,,,,
3006,,,,,,,,
3007,,,,,,,,
3008,,,,,,,,
3009,,,,,,,,
3010,,,,,,,,
3011,,,,,,,,
3012,,,,,,,,
3013,,,,,,,,
3014,,,,,,,,
3015,,,,,,,,
3016,,,,,,,,
3017,,,,,,,,
3018,,,,,,,,
3019,,,,,,,,
3020,,,,,,,,
3021,,,,,,,,
3022,,,,,,,,
3023,,,,,,,,
3024,,,,,,,,
3025,,,,,,,,
3026,,,,,,,,
3027,,,,,,,,
3028,,,,,,,,
3029,,,,,,,,
3030,,,,,,,,
3031,,,,,,,,
3032,,,,,,,,
3033,,,,,,,,
3034,,,,,,,,
3035,,,,,,,,
3036,,,,,,,,
3037,,,,,,,,
3038,,,,,,,,
3039,,,,,,,,
3040,,,,,,,,
3041,,,,,,,,
3042,,,,,,,,
3043,,,,,,,,
3044,,,,,,,,
3045,,,,,,,,
3046,,,,,,,,
3047,,,,,,,,
3048,,,,,,,,
3049,,,,,,,,
3050,,,,,,,,
3051,,,,,,,,
3052,,,,,,,,
3053,,,,,,,,
3054,,,,,,,,
3055,,,,,,,,
3056,,,,,,,,
3057,,,,,,,,
3058,,,,,,,,
3059,,,,,,,,
3060,,,,,,,,
3061,,,,,,,,
3062,,,,,,,,
3063,,,,,,,,
3064,,,,,,,,
3065,,,,,,,,
3066,,,,,,,,
3067,,,,,,,,
3068,,,,,,,,
3069,,,,,,,,
3070,,,,,,,,
3071,,,,,,,,
3072,,,,,,,,
3073,,,,,,,,
3074,,,,,,,,
3075,,,,,,,,
3076,,,,,,,,
3077,,,,,,,,
3078,,,,,,,,
3079,,,,,,,,
3080,,,,,,,,
3081,,,,,,,,
3082,,,,,,,,
3083,,,,,,,,
3084,,,,,,,,
3085,,,,,,,,
3086,,,,,,,,
3087,,,,,,,,
3088,,,,,,,,
3089,,,,,,,,
3090,,,,,,,,
3091,,,,,,,,
3092,,,,,,,,
3093,,,,,,,,
3094,,,,,,,,
3095,,,,,,,,
3096,,,,,,,,
3097,,,,,,,,
3098,,,,,,,,
3099,,,,,,,,
3100,,,,,,,,
3101,,,,,,,,
3102,,,,,,,,
3103,,,,,,,,
3104,,,,,,,,
3105,,,,,,,,
3106,,,,,,,,
3107,,,,,,,,
3108,,,,,,,,
3109,,,,,,,,
3110,,,,,,,,
3111,,,,,,,,
3112,,,,,,,,
3113,,,,,,,,
3114,,,,,,,,
3115,,,,,,,,
3116,,,,,,,,
3117,,,,,,,,
3118,,,,,,,,
3119,,,,,,,,
3120,,,,,,,,
3121,,,,,,,,
3122,,,,,,,,
3123,,,,,,,,
3124,,,,,,,,
3125,,,,,,,,
3126,,,,,,,,
3127,,,,,,,,
3128,,,,,,,,
3129,,,,,,,,
3130,,,,,,,,
3131,,,,,,,,
3132,,,,,,,,
3133,,,,,,,,
3134,,,,,,,,
3135,,,,,,,,
3136,,,,,,,,
3137,,,,,,,,
3138,,,,,,,,
3139,,,,,,,,
3140,,,,,,,,
3141,,,,,,,,
3142,,,,,,,,
3143,,,,,,,,
3144,,,,,,,,
3145,,,,,,,,
3146,,,,,,,,
3147,,,,,,,,
3148,,,,,,,,
3149,,,,,,,,
3150,,,,,,,,
3151,,,,,,,,
3152,,,,,,,,
3153,,,,,,,,
3154,,,,,,,,
3155,,,,,,,,
3156,,,,,,,,
3157,,,,,,,,
3158,,,,,,,,
3159,,,,,,,,
3160,,,,,,,,
3161,,,,,,,,
3162,,,,,,,,
3163,,,,,,,,
3164,,,,,,,,
3165,,,,,,,,
3166,,,,,,,,
3167,,,,,,,,
3168,,,,,,,,
3169,,,,,,,,
3170,,,,,,,,
3171,,,,,,,,
3172,,,,,,,,
3173,,,,,,,,
3174,,,,,,,,
3175,,,,,,,,
3176,,,,,,,,
3177,,,,,,,,
3178,,,,,,,,
3179,,,,,,,,
3180,,,,,,,,
3181,,,,,,,,
3182,,,,,,,,
3183,,,,,,,,
3184,,,,,,,,
3185,,,,,,,,
3186,,,,,,,,
3187,,,,,,,,
3188,,,,,,,,
3189,,,,,,,,
3190,,,,,,,,
3191,,,,,,,,
3192,,,,,,,,
3193,,,,,,,,
3194,,,,,,,,
3195,,,,,,,,
3196,,,,,,,,
3197,,,,,,,,
3198,,,,,,,,
3199,,,,,,,,
3200,,,,,,,,
3201,,,,,,,,
3202,,,,,,,,
3203,,,,,,,,
3204,,,,,,,,
3205,,,,,,,,
3206,,,,,,,,
3207,,,,,,,,
3208,,,,,,,,
3209,,,,,,,,
3210,,,,,,,,
3211,,,,,,,,
3212,,,,,,,,
3213,,,,,,,,
3214,,,,,,,,
3215,,,,,,,,
3216,,,,,,,,
3217,,,,,,,,
3218,,,,,,,,
3219,,,,,,,,
3220,,,,,,,,
3221,,,,,,,,
3222,,,,,,,,
3223,,,,,,,,
3224,,,,,,,,
3225,,,,,,,,
3226,,,,,,,,
3227,,,,,,,,
3228,,,,,,,,
3229,,,,,,,,
3230,,,,,,,,
3231,,,,,,,,
3232,,,,,,,,
3233,,,,,,,,
3234,,,,,,,,
3235,,,,,,,,
3236,,,,,,,,
3237,,,,,,,,
3238,,,,,,,,
3239,,,,,,,,
3240,,,,,,,,
3241,,,,,,,,
3242,,,,,,,,
3243,,,,,,,,
3244,,,,,,,,
3245,,,,,,,,
3246,,,,,,,,
3247,,,,,,,,
3248,,,,,,,,
3249,,,,,,,,
3250,,,,,,,,
3251,,,,,,,,
3252,,,,,,,,
3253,,,,,,,,
3254,,,,,,,,
3255,,,,,,,,
3256,,,,,,,,
3257,,,,,,,,
3258,,,,,,,,
3259,,,,,,,,
3260,,,,,,,,
3261,,,,,,,,
3262,,,,,,,,
3263,,,,,,,,
3264,,,,,,,,
3265,,,,,,,,
3266,,,,,,,,
3267,,,,,,,,
3268,,,,,,,,
3269,,,,,,,,
3270,,,,,,,,
3271,,,,,,,,
3272,,,,,,,,
3273,,,,,,,,
3274,,,,,,,,
3275,,,,,,,,
3276,,,,,,,,
3277,,,,,,,,
3278,,,,,,,,
3279,,,,,,,,
3280,,,,,,,,
3281,,,,,,,,
3282,,,,,,,,
3283,,,,,,,,
3284,,,,,,,,
3285,,,,,,,,
3286,,,,,,,,
3287,,,,,,,,
3288,,,,,,,,
3289,,,,,,,,
3290,,,,,,,,
3291,,,,,,,,
3292,,,,,,,,
3293,,,,,,,,
3294,,,,,,,,
3295,,,,,,,,
3296,,,,,,,,
3297,,,,,,,,
3298,,,,,,,,
3299,,,,,,,,
3300,,,,,,,,
3301,,,,,,,,
3302,,,,,,,,
3303,,,,,,,,
3304,,,,,,,,
3305,,,,,,,,
3306,,,,,,,,
3307,,,,,,,,
3308,,,,,,,,
3309,,,,,,,,
3310,,,,,,,,
3311,,,,,,,,
3312,,,,,,,,
3313,,,,,,,,
3314,,,,,,,,
3315,,,,,,,,
3316,,,,,,,,
3317,,,,,,,,
3318,,,,,,,,
3319,,,,,,,,
3320,,,,,,,,
3321,,,,,,,,
3322,,,,,,,,
3323,,,,,,,,
3324,,,,,,,,
3325,,,,,,,,
3326,,,,,,,,
3327,,,,,,,,
3328,,,,,,,,
3329,,,,,,,,
3330,,,,,,,,
3331,,,,,,,,
3332,,,,,,,,
3333,,,,,,,,
3334,,,,,,,,
3335,,,,,,,,
3336,,,,,,,,
3337,,,,,,,,
3338,,,,,,,,
3339,,,,,,,,
3340,,,,,,,,
3341,,,,,,,,
3342,,,,,,,,
3343,,,,,,,,
3344,,,,,,,,
3345,,,,,,,,
3346,,,,,,,,
3347,,,,,,,,
3348,,,,,,,,
3349,,,,,,,,
3350,,,,,,,,
3351,,,,,,,,
3352,,,,,,,,
3353,,,,,,,,
3354,,,,,,,,
3355,,,,,,,,
3356,,,,,,,,
3357,,,,,,,,
3358,,,,,,,,
3359,,,,,,,,
3360,,,,,,,,
3361,,,,,,,,
3362,,,,,,,,
3363,,,,,,,,
3364,,,,,,,,
3365,,,,,,,,
3366,,,,,,,,
3367,,,,,,,,
3368,,,,,,,,
3369,,,,,,,,
3370,,,,,,,,
3371,,,,,,,,
3372,,,,,,,,
3373,,,,,,,,
3374,,,,,,,,
3375,,,,,,,,
3376,,,,,,,,
3377,,,,,,,,
3378,,,,,,,,
3379,,,,,,,,
3380,,,,,,,,
3381,,,,,,,,
3382,,,,,,,,
3383,,,,,,,,
3384,,,,,,,,
3385,,,,,,,,
3386,,,,,,,,
3387,,,,,,,,
3388,,,,,,,,
3389,,,,,,,,
3390,,,,,,,,
3391,,,,,,,,
3392,,,,,,,,
3393,,,,,,,,
3394,,,,,,,,
3395,,,,,,,,
3396,,,,,,,,
3397,,,,,,,,
3398,,,,,,,,
3399,,,,,,,,
3400,,,,,,,,
3401,,,,,,,,
3402,,,,,,,,
3403,,,,,,,,
3404,,,,,,,,
3405,,,,,,,,
3406,,,,,,,,
3407,,,,,,,,
3408,,,,,,,,
3409,,,,,,,,
3410,,,,,,,,
3411,,,,,,,,
3412,,,,,,,,
3413,,,,,,,,
3414,,,,,,,,
3415,,,,,,,,
3416,,,,,,,,
3417,,,,,,,,
3418,,,,,,,,
3419,,,,,,,,
3420,,,,,,,,
3421,,,,,,,,
3422,,,,,,,,
3423,,,,,,,,
3424,,,,,,,,
3425,,,,,,,,
3426,,,,,,,,
3427,,,,,,,,
3428,,,,,,,,
3429,,,,,,,,
3430,,,,,,,,
3431,,,,,,,,
3432,,,,,,,,
3433,,,,,,,,
3434,,,,,,,,
3435,,,,,,,,
3436,,,,,,,,
3437,,,,,,,,
3438,,,,,,,,
3439,,,,,,,,
3440,,,,,,,,
3441,,,,,,,,
3442,,,,,,,,
3443,,,,,,,,
3444,,,,,,,,
3445,,,,,,,,
3446,,,,,,,,
3447,,,,,,,,
3448,,,,,,,,
3449,,,,,,,,
3450,,,,,,,,
3451,,,,,,,,
3452,,,,,,,,
3453,,,,,,,,
3454,,,,,,,,
3455,,,,,,,,
3456,,,,,,,,
3457,,,,,,,,
3458,,,,,,,,
3459,,,,,,,,
3460,,,,,,,,
3461,,,,,,,,
3462,,,,,,,,
3463,,,,,,,,
3464,,,,,,,,
3465,,,,,,,,
3466,,,,,,,,
3467,,,,,,,,
3468,,,,,,,,
3469,,,,,,,,
3470,,,,,,,,
3471,,,,,,,,
3472,,,,,,,,
3473,,,,,,,,
3474,,,,,,,,
3475,,,,,,,,
3476,,,,,,,,
3477,,,,,,,,
3478,,,,,,,,
3479,,,,,,,,
3480,,,,,,,,
3481,,,,,,,,
3482,,,,,,,,
3483,,,,,,,,
3484,,,,,,,,
3485,,,,,,,,
3486,,,,,,,,
3487,,,,,,,,
3488,,,,,,,,
3489,,,,,,,,
3490,,,,,,,,
3491,,,,,,,,
3492,,,,,,,,
3493,,,,,,,,
3494,,,,,,,,
3495,,,,,,,,
3496,,,,,,,,
3497,,,,,,,,
3498,,,,,,,,
3499,,,,,,,,
3500,,,,,,,,
3501,,,,,,,,
3502,,,,,,,,
3503,,,,,,,,
3504,,,,,,,,
3505,,,,,,,,
3506,,,,,,,,
3507,,,,,,,,
3508,,,,,,,,
3509,,,,,,,,
3510,,,,,,,,
3511,,,,,,,,
3512,,,,,,,,
3513,,,,,,,,
3514,,,,,,,,
3515,,,,,,,,
3516,,,,,,,,
3517,,,,,,,,
3518,,,,,,,,
3519,,,,,,,,
3520,,,,,,,,
3521,,,,,,,,
3522,,,,,,,,
3523,,,,,,,,
3524,,,,,,,,
3525,,,,,,,,
3526,,,,,,,,
3527,,,,,,,,
3528,,,,,,,,
3529,,,,,,,,
3530,,,,,,,,
3531,,,,,,,,
3532,,,,,,,,
3533,,,,,,,,
3534,,,,,,,,
3535,,,,,,,,
3536,,,,,,,,
3537,,,,,,,,
3538,,,,,,,,
3539,,,,,,,,
3540,,,,,,,,
3541,,,,,,,,
3542,,,,,,,,
3543,,,,,,,,
3544,,,,,,,,
3545,,,,,,,,
3546,,,,,,,,
3547,,,,,,,,
3548,,,,,,,,
3549,,,,,,,,
3550,,,,,,,,
3551,,,,,,,,
3552,,,,,,,,
3553,,,,,,,,
3554,,,,,,,,
3555,,,,,,,,
3556,,,,,,,,
3557,,,,,,,,
3558,,,,,,,,
3559,,,,,,,,
3560,,,,,,,,
3561,,,,,,,,
3562,,,,,,,,
3563,,,,,,,,
3564,,,,,,,,
3565,,,,,,,,
3566,,,,,,,,
3567,,,,,,,,
3568,,,,,,,,
3569,,,,,,,,
3570,,,,,,,,
3571,,,,,,,,
3572,,,,,,,,
3573,,,,,,,,
3574,,,,,,,,
3575,,,,,,,,
3576,,,,,,,,
3577,,,,,,,,
3578,,,,,,,,
3579,,,,,,,,
3580,,,,,,,,
3581,,,,,,,,
3582,,,,,,,,
3583,,,,,,,,
3584,,,,,,,,
3585,,,,,,,,
3586,,,,,,,,
3587,,,,,,,,
3588,,,,,,,,
3589,,,,,,,,
3590,,,,,,,,
3591,,,,,,,,
3592,,,,,,,,
3593,,,,,,,,
3594,,,,,,,,
3595,,,,,,,,
3596,,,,,,,,
3597,,,,,,,,
3598,,,,,,,,
3599,,,,,,,,
3600,,,,,,,,
3601,,,,,,,,
3602,,,,,,,,
3603,,,,,,,,
3604,,,,,,,,
3605,,,,,,,,
3606,,,,,,,,
3607,,,,,,,,
3608,,,,,,,,
3609,,,,,,,,
3610,,,,,,,,
3611,,,,,,,,
3612,,,,,,,,
3613,,,,,,,,
3614,,,,,,,,
3615,,,,,,,,
3616,,,,,,,,
3617,,,,,,,,
3618,,,,,,,,
3619,,,,,,,,
3620,,,,,,,,
3621,,,,,,,,
3622,,,,,,,,
3623,,,,,,,,
3624,,,,,,,,
3625,,,,,,,,
3626,,,,,,,,
3627,,,,,,,,
3628,,,,,,,,
3629,,,,,,,,
3630,,,,,,,,
3631,,,,,,,,
3632,,,,,,,,
3633,,,,,,,,
3634,,,,,,,,
3635,,,,,,,,
3636,,,,,,,,
3637,,,,,,,,
3638,,,,,,,,
3639,,,,,,,,
3640,,,,,,,,
3641,,,,,,,,
3642,,,,,,,,
3643,,,,,,,,
3644,,,,,,,,
3645,,,,,,,,
3646,,,,,,,,
3647,,,,,,,,
3648,,,,,,,,
3649,,,,,,,,
3650,,,,,,,,
3651,,,,,,,,
3652,,,,,,,,
3653,,,,,,,,
3654,,,,,,,,
3655,,,,,,,,
3656,,,,,,,,
3657,,,,,,,,
3658,,,,,,,,
3659,,,,,,,,
3660,,,,,,,,
3661,,,,,,,,
3662,,,,,,,,
3663,,,,,,,,
3664,,,,,,,,
3665,,,,,,,,
3666,,,,,,,,
3667,,,,,,,,
3668,,,,,,,,
3669,,,,,,,,
3670,,,,,,,,
3671,,,,,,,,
3672,,,,,,,,
3673,,,,,,,,
3674,,,,,,,,
3675,,,,,,,,
3676,,,,,,,,
3677,,,,,,,,
3678,,,,,,,,
3679,,,,,,,,
3680,,,,,,,,
3681,,,,,,,,
3682,,,,,,,,
3683,,,,,,,,
3684,,,,,,,,
3685,,,,,,,,
3686,,,,,,,,
3687,,,,,,,,
3688,,,,,,,,
3689,,,,,,,,
3690,,,,,,,,
3691,,,,,,,,
3692,,,,,,,,
3693,,,,,,,,
3694,,,,,,,,
3695,,,,,,,,
3696,,,,,,,,
3697,,,,,,,,
3698,,,,,,,,
3699,,,,,,,,
3700,,,,,,,,
3701,,,,,,,,
3702,,,,,,,,
3703,,,,,,,,
3704,,,,,,,,
3705,,,,,,,,
3706,,,,,,,,
3707,,,,,,,,
3708,,,,,,,,
3709,,,,,,,,
3710,,,,,,,,
3711,,,,,,,,
3712,,,,,,,,
3713,,,,,,,,
3714,,,,,,,,
3715,,,,,,,,
3716,,,,,,,,
3717,,,,,,,,
3718,,,,,,,,
3719,,,,,,,,
3720,,,,,,,,
3721,,,,,,,,
3722,,,,,,,,
3723,,,,,,,,
3724,,,,,,,,
3725,,,,,,,,
3726,,,,,,,,
3727,,,,,,,,
3728,,,,,,,,
3729,,,,,,,,
3730,,,,,,,,
3731,,,,,,,,
3732,,,,,,,,
3733,,,,,,,,
3734,,,,,,,,
3735,,,,,,,,
3736,,,,,,,,
3737,,,,,,,,
3738,,,,,,,,
3739,,,,,,,,
3740,,,,,,,,
3741,,,,,,,,
3742,,,,,,,,
3743,,,,,,,,
3744,,,,,,,,
3745,,,,,,,,
3746,,,,,,,,
3747,,,,,,,,
3748,,,,,,,,
3749,,,,,,,,
3750,,,,,,,,
3751,,,,,,,,
3752,,,,,,,,
3753,,,,,,,,
3754,,,,,,,,
3755,,,,,,,,
3756,,,,,,,,
3757,,,,,,,,
3758,,,,,,,,
3759,,,,,,,,
3760,,,,,,,,
3761,,,,,,,,
3762,,,,,,,,
3763,,,,,,,,
3764,,,,,,,,
3765,,,,,,,,
3766,,,,,,,,
3767,,,,,,,,
3768,,,,,,,,
3769,,,,,,,,
3770,,,,,,,,
3771,,,,,,,,
3772,,,,,,,,
3773,,,,,,,,
3774,,,,,,,,
3775,,,,,,,,
3776,,,,,,,,
3777,,,,,,,,
3778,,,,,,,,
3779,,,,,,,,
3780,,,,,,,,
3781,,,,,,,,
3782,,,,,,,,
3783,,,,,,,,
3784,,,,,,,,
3785,,,,,,,,
3786,,,,,,,,
3787,,,,,,,,
3788,,,,,,,,
3789,,,,,,,,
3790,,,,,,,,
3791,,,,,,,,
3792,,,,,,,,
3793,,,,,,,,
3794,,,,,,,,
3795,,,,,,,,
3796,,,,,,,,
3797,,,,,,,,
3798,,,,,,,,
3799,,,,,,,,
3800,,,,,,,,
3801,,,,,,,,
3802,,,,,,,,
3803,,,,,,,,
3804,,,,,,,,
3805,,,,,,,,
3806,,,,,,,,
3807,,,,,,,,
3808,,,,,,,,
3809,,,,,,,,
3810,,,,,,,,
3811,,,,,,,,
3812,,,,,,,,
3813,,,,,,,,
3814,,,,,,,,
3815,,,,,,,,
3816,,,,,,,,
3817,,,,,,,,
3818,,,,,,,,
3819,,,,,,,,
3820,,,,,,,,
3821,,,,,,,,
3822,,,,,,,,
3823,,,,,,,,
3824,,,,,,,,
3825,,,,,,,,
3826,,,,,,,,
3827,,,,,,,,
3828,,,,,,,,
3829,,,,,,,,
3830,,,,,,,,
3831,,,,,,,,
3832,,,,,,,,
3833,,,,,,,,
3834,,,,,,,,
3835,,,,,,,,
3836,,,,,,,,
3837,,,,,,,,
3838,,,,,,,,
3839,,,,,,,,
3840,,,,,,,,
3841,,,,,,,,
3842,,,,,,,,
3843,,,,,,,,
3844,,,,,,,,
3845,,,,,,,,
3846,,,,,,,,
3847,,,,,,,,
3848,,,,,,,,
3849,,,,,,,,
3850,,,,,,,,
3851,,,,,,,,
3852,,,,,,,,
3853,,,,,,,,
3854,,,,,,,,
3855,,,,,,,,
3856,,,,,,,,
3857,,,,,,,,
3858,,,,,,,,
3859,,,,,,,,
3860,,,,,,,,
3861,,,,,,,,
3862,,,,,,,,
3863,,,,,,,,
3864,,,,,,,,
3865,,,,,,,,
3866,,,,,,,,
3867,,,,,,,,
3868,,,,,,,,
3869,,,,,,,,
3870,,,,,,,,
3871,,,,,,,,
3872,,,,,,,,
3873,,,,,,,,
3874,,,,,,,,
3875,,,,,,,,
3876,,,,,,,,
3877,,,,,,,,
3878,,,,,,,,
3879,,,,,,,,
3880,,,,,,,,
3881,,,,,,,,
3882,,,,,,,,
3883,,,,,,,,
3884,,,,,,,,
3885,,,,,,,,
3886,,,,,,,,
3887,,,,,,,,
3888,,,,,,,,
3889,,,,,,,,
3890,,,,,,,,
3891,,,,,,,,
3892,,,,,,,,
3893,,,,,,,,
3894,,,,,,,,
3895,,,,,,,,
3896,,,,,,,,
3897,,,,,,,,
3898,,,,,,,,
3899,,,,,,,,
3900,,,,,,,,
3901,,,,,,,,
3902,,,,,,,,
3903,,,,,,,,
3904,,,,,,,,
3905,,,,,,,,
3906,,,,,,,,
3907,,,,,,,,
3908,,,,,,,,
3909,,,,,,,,
3910,,,,,,,,
3911,,,,,,,,
3912,,,,,,,,
3913,,,,,,,,
3914,,,,,,,,
3915,,,,,,,,
3916,,,,,,,,
3917,,,,,,,,
3918,,,,,,,,
3919,,,,,,,,
3920,,,,,,,,
3921,,,,,,,,
3922,,,,,,,,
3923,,,,,,,,
3924,,,,,,,,
3925,,,,,,,,
3926,,,,,,,,
3927,,,,,,,,
3928,,,,,,,,
3929,,,,,,,,
3930,,,,,,,,
3931,,,,,,,,
3932,,,,,,,,
3933,,,,,,,,
3934,,,,,,,,
3935,,,,,,,,
3936,,,,,,,,
3937,,,,,,,,
3938,,,,,,,,
3939,,,,,,,,
3940,,,,,,,,
3941,,,,,,,,
3942,,,,,,,,
3943,,,,,,,,
3944,,,,,,,,
3945,,,,,,,,
3946,,,,,,,,
3947,,,,,,,,
3948,,,,,,,,
3949,,,,,,,,
3950,,,,,,,,
3951,,,,,,,,
3952,,,,,,,,
3953,,,,,,,,
3954,,,,,,,,
3955,,,,,,,,
3956,,,,,,,,
3957,,,,,,,,
3958,,,,,,,,
3959,,,,,,,,
3960,,,,,,,,
3961,,,,,,,,
3962,,,,,,,,
3963,,,,,,,,
3964,,,,,,,,
3965,,,,,,,,
3966,,,,,,,,
3967,,,,,,,,
3968,,,,,,,,
3969,,,,,,,,
3970,,,,,,,,
3971,,,,,,,,
3972,,,,,,,,
3973,,,,,,,,
3974,,,,,,,,
3975,,,,,,,,
3976,,,,,,,,
3977,,,,,,,,
3978,,,,,,,,
3979,,,,,,,,
3980,,,,,,,,
3981,,,,,,,,
3982,,,,,,,,
3983,,,,,,,,
3984,,,,,,,,
3985,,,,,,,,
3986,,,,,,,,
3987,,,,,,,,
3988,,,,,,,,
3989,,,,,,,,
3990,,,,,,,,
3991,,,,,,,,
3992,,,,,,,,
3993,,,,,,,,
3994,,,,,,,,
3995,,,,,,,,
3996,,,,,,,,
3997,,,,,,,,
3998,,,,,,,,
3999,,,,,,,,
