,Unnamed: 0,Name,ModificationDate,DrinkID,DrinkType,Category,GlassImageLink,Glass,IBA,Recipe,Video,Ingredients,Measure
0,0,'57 Chevy with a White License Plate,2016-07-18 22:49:04,14029.0,Alcoholic,Cocktail,http://www.thecocktaildb.com/images/media/drink/qyyvtu1468878544.jpg,Highball glass,,1. Fill a rocks glass with ice 2.add white creme de cacao and vodka 3.stir,,Creme de Cacao,1 oz white 
1,1,1-900-FUK-MEUP,2016-07-18 22:27:04,15395.0,,Shot,http://www.thecocktaildb.com/images/media/drink/uxywyw1468877224.jpg,Old-fashioned glass,,Shake ingredients in a mixing tin filled with ice cubes. Strain into a rocks glass.,,Absolut Kurant,1/2 oz 
2,2,110 in the shade,2016-02-03 14:51:57,15423.0,,Beer,http://www.thecocktaildb.com/images/media/drink/xxyywq1454511117.jpg,Beer Glass,,Drop shooter in glass. Fill with beer,,Lager,16 oz 
3,3,151 Florida Bushwacker,2016-07-18 22:28:43,14588.0,,Milk / Float / Shake,http://www.thecocktaildb.com/images/media/drink/rvwrvv1468877323.jpg,Beer mug,,Combine all ingredients. Blend until smooth. Garnish with chocolate shavings if desired.,,Malibu rum,
4,4,155 Belmont,2016-10-05 12:36:28,15346.0,,,http://www.thecocktaildb.com/images/media/drink/yqvvqs1475667388.jpg,White wine glass,,Blend with ice. Serve in a wine glass. Garnish with carrot.,,Dark rum,1 shot 
5,5,24k nightmare,2016-07-18 22:31:38,17060.0,,,http://www.thecocktaildb.com/images/media/drink/yyrwty1468877498.jpg,Shot glass,,"Add over ice,shake and pour.",,Goldschlager,
6,6,252,2016-07-18 22:32:42,15288.0,,,http://www.thecocktaildb.com/images/media/drink/rtpxqw1468877562.jpg,,,"Add both ingredients to shot glass, shoot, and get drunk quick",,151 proof rum,1/2 shot Bacardi 
7,7,3 Wise Men,2016-07-18 22:34:37,13899.0,,,http://www.thecocktaildb.com/images/media/drink/wxqpyw1468877677.jpg,Collins glass,,put them them in a glass... and slam it to tha head.,,Jack Daniels,1/3 oz 
8,8,3-Mile Long Island Iced Tea,2016-08-31 19:42:52,15300.0,,Ordinary Drink,http://www.thecocktaildb.com/images/media/drink/rrtssw1472668972.jpg,Collins Glass,,Fill 14oz glass with ice and alcohol. Fill 2/3 glass with cola and remainder with sweet & sour. Top with dash of bitters and lemon wedge.,,Gin,
9,9,410 Gone,2016-08-31 19:43:46,13581.0,,,http://www.thecocktaildb.com/images/media/drink/xtuyqv1472669026.jpg,,,,,Peach Vodka,2-3 oz
10,10,50/50,2016-04-29 09:41:56,14598.0,,,http://www.thecocktaildb.com/images/media/drink/wwpyvr1461919316.jpg,,,fill glass with crushed ice. Add vodka. Add a splash of grand-marnier. Fill with o.j.,,Vanilla vodka,2 1/2 oz 
11,11,501 Blue,2016-04-28 19:11:37,17105.0,,,http://www.thecocktaildb.com/images/media/drink/ywxwqs1461867097.jpg,,,Mix equal amounts into a glass with ice.,,Blue Curacao,"
"
12,12,69 Special,2016-08-31 19:44:55,13940.0,,,http://www.thecocktaildb.com/images/media/drink/vqyxqx1472669095.jpg,,,"Pour 2 oz. gin. Add 4 oz. 7-up. Add Lemon Juice for flavor. If you are weak, top up glass with more 7-Up.",,,2 oz dry 
13,13,747,2016-08-31 19:28:26,14229.0,,,http://www.thecocktaildb.com/images/media/drink/xxsxqy1472668106.jpg,,,"pour kaluha, then Baileys, then Frangelico not chilled and not layered -- SERVE!!!",,Kahlua,1/3 part 
14,14,9 1/2 Weeks,2016-08-31 19:48:22,16108.0,,,http://www.thecocktaildb.com/images/media/drink/xvwusr1472669302.jpg,Cocktail glass,,Combine all ingredients in glass mixer. Chill and strain into Cocktail glass. Garnish with sliced strawberry.,,Absolut Citron,2 oz 
15,15,A Day at the Beach,2016-02-03 15:47:54,15200.0,,,http://www.thecocktaildb.com/images/media/drink/trptts1454514474.jpg,,,"Shake Rum, Amaretto, and Orange Juice in a shaker filled with ice. Strain over ice into a highball glass. Add Grenadine and garnish with a Pineapple Wedge and a Strawberry.",,Coconut rum,1 oz 
16,16,A Furlong Too Late,2016-08-31 19:46:06,11000.0,,,http://www.thecocktaildb.com/images/media/drink/ssxvww1472669166.jpg,,,Pour the rum and ginger beer into a highball glass almost filled with ice cubes. Stir well. Garnish with the lemon twist.,,Light rum,
17,17,A Gilligan's Island,2016-04-28 19:12:56,16943.0,,,http://www.thecocktaildb.com/images/media/drink/wysqut1461867176.jpg,,,"Shaken, not stirred!",,Vodka,
18,18,A Night In Old Mandalay,2016-04-29 09:43:00,11001.0,,,http://www.thecocktaildb.com/images/media/drink/vyrvxt1461919380.jpg,,,"In a shaker half-filled with ice cubes, combine the light rum, añejo rum, orange juice, and lemon juice. Shake well. Strain into a highball glass almost filled with ice cubes. Top with the ginger ale. Garnish with the lemon twist.",,,
19,19,A Piece of Ass,2016-09-01 09:48:57,16405.0,,Other/Unknown,http://www.thecocktaildb.com/images/media/drink/tqxyxx1472719737.jpg,,,Put ice in glass. Pour in shots. Fill with Sour Mix.,,Amaretto,
20,20,A Splash of Nash,2016-08-31 19:30:01,14564.0,,,http://www.thecocktaildb.com/images/media/drink/rsvtrr1472668201.jpg,,,Drop shot glass with banana & melon liquers into a 9 oz hi- ball glass containing soda water and cranberry juice. Drink in one shot.,,Cranberry juice,
21,21,A True Amaretto Sour,2016-08-31 19:49:32,17005.0,,,http://www.thecocktaildb.com/images/media/drink/rptuxy1472669372.jpg,,,"Rub the rim of an old fashioned glass with lemon, and dip repeatedly into granulated sugar until it has a good ""frosted"" rim. Shake a jigger of Amaretto with the juice of 1/2 a lemon. Strain into glass and add ice. Garnish with a Marachino Cherry.",,,1 jigger 
22,22,A midsummernight dream,2016-04-28 19:14:52,15675.0,,,http://www.thecocktaildb.com/images/media/drink/ysqvqp1461867292.jpg,,,"Mix the strawberrys in a blender Pour it together with the vodka,kirch and strawberry liquer over ice in a shaker. Shake well and pour in a highballglass. Fill up with the Russchian water",,,
23,23,A. J.,2016-09-02 11:16:58,11002.0,,,http://www.thecocktaildb.com/images/media/drink/uryyrr1472811418.jpg,,,"Shake ingredients with ice, strain into a cocktail glass, and serve.",,Applejack,1 1/2 oz 
24,24,A.D.M. (After Dinner Mint),2016-08-31 19:53:20,14560.0,,,http://www.thecocktaildb.com/images/media/drink/ruxuvp1472669600.jpg,Irish coffee cup,,shake vigorously,,White Creme de Menthe,
25,25,A1,2017-09-07 21:42:09,17222.0,,,http://www.thecocktaildb.com/images/media/drink/2x8thr1504816928.jpg,,,"Pour all ingredients into a cocktail shaker, mix and serve over ice into a chilled glass.",,,1 3/4 shot 
26,26,ABC,2016-08-31 19:32:08,13501.0,,,http://www.thecocktaildb.com/images/media/drink/tqpvqp1472668328.jpg,,,Layered in a shot glass.,,,1/3 
27,27,ACID,2016-11-15 11:28:37,14610.0,,,http://www.thecocktaildb.com/images/media/drink/xuxpxt1479209317.jpg,,,Poor in the 151 first followed by the 101 served with a Coke or Dr Pepper chaser.,,,1 oz Bacardi 
28,28,AT&T,2017-04-24 22:00:19,13938.0,,,http://www.thecocktaildb.com/images/media/drink/rhhwmp1493067619.jpg,Highball Glass,,"Pour Vodka and Gin over ice, add Tonic and Stir",,Absolut Vodka,
29,29,Abbey Cocktail,2016-09-02 11:19:28,11003.0,,,http://www.thecocktaildb.com/images/media/drink/quyyuw1472811568.jpg,,,Shake all ingredients (except for the cherry) with ice and strain into a cocktail glass. Top with the cherry and serve.,,,
30,30,Abbey Martini,2017-09-07 21:50:03,17223.0,,,http://www.thecocktaildb.com/images/media/drink/2mcozt1504817403.jpg,,,"Put all ingredients into a shaker and mix, then strain contents into a chilled cocktail glass.",,,2 shots 
31,31,Abilene,2016-04-29 09:44:25,11004.0,,,http://www.thecocktaildb.com/images/media/drink/ysqwwt1461919465.jpg,,,Pour all of the ingredients into a highball glass almost filled with ice cubes. Stir well.,,,
32,32,Absinthe #2,2016-08-31 19:13:17,12790.0,,Homemade Liqueur,http://www.thecocktaildb.com/images/media/drink/uxxtrt1472667197.jpg,Jar,,"Mix together and let sit a few days. Strain through a coffee filter. To serve mix 1 part absinthe to 4 parts water, add ice, enjoy.",,,1 bottle 
33,33,Absolut Evergreen,2016-09-02 11:36:49,14374.0,,,http://www.thecocktaildb.com/images/media/drink/wrxrxp1472812609.jpg,,,"Mix, pour over ice and top up with Bitter Lemon.",,,2/3 part 
34,34,Absolut Sex,2016-08-31 19:33:56,14360.0,,,http://www.thecocktaildb.com/images/media/drink/xtrvtx1472668436.jpg,,,"Shake Absolut Kurant, Midori, and Cranberry juice in shaker with ice: Strain into rocks glass: Splash of seven on top.Absolut Sex.",,,3/4 oz 
35,35,Absolut Stress #2,2016-09-02 11:23:45,15597.0,,,http://www.thecocktaildb.com/images/media/drink/xuyqrw1472811825.jpg,,,Mix well. Garnish with Orange and Cherry. Enjoy,,,
36,36,Absolut Summertime,2016-08-31 19:54:22,14107.0,,,http://www.thecocktaildb.com/images/media/drink/trpxxs1472669662.jpg,,,Add all ingredients except lemon to shaker filled with ice. Cover and shake vigorously. Strain contents into ice filled collins glass. Garnish with lemon.,,,
37,37,Absolut limousine,2016-09-01 09:50:44,14372.0,,,http://www.thecocktaildb.com/images/media/drink/ssqpyw1472719844.jpg,,,Fill Absolut into a glass. Add Lime juice. Add Ice and lime wedges.,,,2/3 
38,38,Absolutely Cranberry Smash,2016-09-02 11:24:44,15024.0,,,http://www.thecocktaildb.com/images/media/drink/vqwstv1472811884.jpg,,,Stir ingredients together. Serve over ice.,,,
39,39,Absolutely Fabulous,2017-09-07 21:55:34,17224.0,,,http://www.thecocktaildb.com/images/media/drink/abcpwr1504817734.jpg,Champagne flute,,Mix the Vodka and Cranberry juice together in a shaker and strain into a glass. Top up with Champagne.,,,
40,40,Absolutly Screwed Up,2016-08-31 19:55:28,16134.0,,,http://www.thecocktaildb.com/images/media/drink/yvxrwv1472669728.jpg,,,"Shake it up it tasts better that way, but you can stir it if you want. 6 of those and you will be wasted for the rest of the night.",,,
41,41,Acapulco,2016-09-02 11:26:16,11005.0,,,http://www.thecocktaildb.com/images/media/drink/vtpsvr1472811976.jpg,,,Combine and shake all ingredients (except mint) with ice and strain into an old-fashioned glass over ice cubes. Add the sprig of mint and serve.,,,
42,42,Ace,2017-09-07 22:05:06,17225.0,,,http://www.thecocktaildb.com/images/media/drink/l3cd7f1504818306.jpg,Martini Glass,,Shake all the ingredients in a cocktail shaker and ice then strain in a cold glass.,,,
43,43,Adam,2016-09-02 11:29:29,11006.0,,,http://www.thecocktaildb.com/images/media/drink/rwuxsv1472812169.jpg,,,"In a shaker half-filled with ice cubes, combine all of the ingredients. Shake well. Strain into a cocktail glass.",,,
44,44,Adam & Eve,2017-09-07 22:17:58,17226.0,,,http://www.thecocktaildb.com/images/media/drink/vfeumw1504819077.jpg,,,Shake together all the ingredients and strain into a cold glass.,,,
45,45,Adam Bomb,2016-02-03 15:23:36,16333.0,,Punch / Party Drink,http://www.thecocktaildb.com/images/media/drink/tpxurs1454513016.jpg,Margarita/Coupette glass,,"Add ice to blender (or to glass if prefer on the rocks) then fruit, and fruite juice depending on personal prefference then add the Rum, Vodka, Tequila, and triple sec. blend till smooth, rim glass with sugar or salt and pour mixture in. garnish with lemon or lime slice.",,Rum,1 part 
46,46,Adam Sunrise,2016-09-02 11:28:32,15567.0,,,http://www.thecocktaildb.com/images/media/drink/vtuyvu1472812112.jpg,,,"Fill blender up with ice. Fill half with Bartons Vodka. Put 10 tsp of sugar, add 1/2 can lemonade concentrate, fill to top with water. Blend for 60 seconds.",,,1/2 
47,47,Addington,2017-09-07 22:15:25,17227.0,,,http://www.thecocktaildb.com/images/media/drink/ib0b7g1504818925.jpg,,,Mix both the vermouth's in a shaker and strain into a cold glass. Top up with a squirt of Soda Water. ,,Sweet Vermouth,
48,48,Addison,2017-09-07 22:38:20,17228.0,,,http://www.thecocktaildb.com/images/media/drink/yzva7x1504820300.jpg,,,,,,1 1/2 shot 
49,49,Addison Special,2017-04-24 22:14:53,14272.0,,,http://www.thecocktaildb.com/images/media/drink/4vo5651493068493.jpg,,,Combine ingredients in the order listed into a shaker. Fill half full with ice and shake well. Strain into glass with ice and garnish with a cherry and orange wedge.,,,
50,50,Adios Amigos Cocktail,2017-09-07 22:31:33,17229.0,,,http://www.thecocktaildb.com/images/media/drink/8nk2mp1504819893.jpg,,,,,,
51,51,Adonis Cocktail,2016-09-02 11:27:11,11007.0,,,http://www.thecocktaildb.com/images/media/drink/xrvruq1472812030.jpg,,,"Stir all ingredients with ice, strain contents into a cocktail glass, and serve.",,,
52,52,Affair,2016-09-01 10:05:34,11008.0,,,http://www.thecocktaildb.com/images/media/drink/wxrsxx1472720734.jpg,,,"Pour schnapps, orange juice, and cranberry juice over ice in a highball glass. Top with club soda and serve.",,Strawberry schnapps,
53,53,Affinity,2017-09-07 21:44:05,11009.0,,,http://www.thecocktaildb.com/images/media/drink/nwatpb1504817045.jpg,,,"In a mixing glass half-filled with ice cubes, combine all of the ingredients. Stir well. Strain into a cocktail glass.",,Scotch,
54,54,After Dinner Cocktail,2017-01-02 20:06:18,11010.0,,,http://www.thecocktaildb.com/images/media/drink/vtytxq1483387578.jpg,,,Shake all ingredients (except lime wedge) with ice and strain into a cocktail glass. Add the wedge of lime and serve.,,Apricot brandy,
55,55,After Five,2017-04-24 22:16:35,13807.0,,,http://www.thecocktaildb.com/images/media/drink/sk3lr91493068595.jpg,,,"1. Pour Kahlua into shot glass to about 1/2 full. 2. Using a spoon(inverted), slowly pour in the Peppermint Schnapps until glass is about 3/4 full. Done correctly, the Schnapps will flow under the Kahlua for a clear layer. 3. Again using a spoon, but this time right side up, slowly top off the glass with a layer of Bailey's. Be careful to place the spoon right at the top of the Kahlua layer and to raise it as the glass fills up. Done correctly, this will provide a layer of Bailey's floating over the Kahlua. 4. Toss it down all at once for something like a Peppermint Pattie, WITH A BANG!!! NOTE: Best if all ingredients are chilled",,Peppermint schnapps,
56,56,After Supper Cocktail,2017-01-02 20:06:50,11011.0,,,http://www.thecocktaildb.com/images/media/drink/quyxwu1483387610.jpg,,,"Shake all ingredients with ice, strain into a cocktail glass, and serve.",,Triple sec,
57,57,After sex,2017-04-24 22:18:22,15182.0,,,http://www.thecocktaildb.com/images/media/drink/xrl66i1493068702.jpg,,,Pour the vodka and creme over some ice cubes in a tall glass and fill up with juice. to make it beuty full make the top of the glass with a grenadine and sugar,,,2 cl 
58,58,Afterglow,2016-07-18 22:07:32,12560.0,Non alcoholic,,http://www.thecocktaildb.com/images/media/drink/vuquyv1468876052.jpg,,,Mix. Serve over ice.,,Grenadine,
59,59,Afternoon,2016-08-31 19:22:57,13162.0,,Coffee / Tea,http://www.thecocktaildb.com/images/media/drink/vyrurp1472667777.jpg,,,"Build into a suiting glass, with no ice. Cream on top if wanted. Served directly.",,,1 cl 
60,60,Alabama Slammer,2017-01-02 20:07:27,11012.0,,,http://www.thecocktaildb.com/images/media/drink/qtwxwr1483387647.jpg,,,"Pour all ingredients (except for lemon juice) over ice in a highball glass. Stir, add a dash of lemon juice, and serve.",,Southern Comfort,
61,61,Alaska Cocktail,2017-01-02 20:08:40,11013.0,,,http://www.thecocktaildb.com/images/media/drink/wsyryt1483387720.jpg,,,"Stir all ingredients with ice, strain contents into a cocktail glass. Drop in a twist of lemon and serve.",,Orange bitters,2 dashes 
62,62,Alexander,2016-11-04 09:50:39,11014.0,,,http://www.thecocktaildb.com/images/media/drink/urystu1478253039.jpg,,Unforgettables,Shake all ingredients with ice and strain contents into a cocktail glass. Sprinkle nutmeg on top and serve.,,,
63,63,Alfie Cocktail,2017-01-02 20:10:29,11019.0,,,http://www.thecocktaildb.com/images/media/drink/ypxsqy1483387829.jpg,,,"Combine and shake all ingredients with ice, strain into a cocktail glass, and serve.",,Lemon vodka,
64,64,Algonquin,2017-01-02 20:11:13,11020.0,,,http://www.thecocktaildb.com/images/media/drink/uwryxx1483387873.jpg,,,"Combine and shake all ingredients with ice, strain contents into a cocktail glass, and serve.",,Blended whiskey,
65,65,Alice Cocktail,2016-07-18 22:09:04,12562.0,,,http://www.thecocktaildb.com/images/media/drink/qyqtpv1468876144.jpg,,,"Shake well, strain into a large cocktail glass.",,,
66,66,Alice in Wonderland,2017-04-24 22:29:51,17094.0,,,http://www.thecocktaildb.com/images/media/drink/g12lj41493069391.jpg,,,Just mix the three ingredients one to one to one,,,
67,67,Allegheny,2017-01-02 20:12:14,11021.0,,,http://www.thecocktaildb.com/images/media/drink/uwvyts1483387934.jpg,,,Shake all ingredients (except lemon peel) with ice and strain into a cocktail glass. Top with the twist of lemon peel and serve.,,Dry Vermouth,
68,68,Allies Cocktail,2017-01-02 20:15:04,11022.0,,,http://www.thecocktaildb.com/images/media/drink/qvprvp1483388104.jpg,,,,,,
69,69,Almeria,2017-01-02 20:16:21,11023.0,,,http://www.thecocktaildb.com/images/media/drink/rwsyyu1483388181.jpg,,,,,,
70,70,Almond Chocolate Coffee,2017-04-24 22:30:41,16082.0,,,http://www.thecocktaildb.com/images/media/drink/jls02c1493069441.jpg,Coffee mug,,Pour in order into coffee cup. Top with whipped creme and chocolate shcvings.,,,
71,71,Almond Joy,2017-01-02 20:18:16,11024.0,,,http://www.thecocktaildb.com/images/media/drink/xutuqs1483388296.jpg,,,,,,
72,72,Aloha Fruit punch,2016-07-18 22:11:07,12862.0,,,http://www.thecocktaildb.com/images/media/drink/wsyvrt1468876267.jpg,,,"Add 1/4 cup water to ginger root. Boil 3 minutes. Strain. Add the liquid to the guava, lemon and pineapple juices. Make a syrup of sugar and remaining water. Cool. Combine with juices and pineapple. Chill throroughly.",,Water,3/4 cup 
73,73,Amaretto And Cream,2017-09-02 18:56:58,11025.0,,,http://www.thecocktaildb.com/images/media/drink/dj8n0r1504375018.jpg,,,"Shake well with cracked ice, strain contents into a cocktail glass, and serve.",,,
74,74,Amaretto Liqueur,2016-09-01 09:47:29,12792.0,,,http://www.thecocktaildb.com/images/media/drink/swqxuv1472719649.jpg,,,"Combine sugar and 3/4 cup water in a small saucepan. Bring to a boil, stirring constantly. Reduce heat and simmer until all sugar is dissolved. Remove from heat and cool. In an aging container, combine apricot halves, almond extract, grain alcohol with 1/2 cup water, and brandy. Stir in cooled sugar syrup mixture. Cap and let age for 2 days. Remove apricot halves. (Save apricot halves, can be used for cooking). Add food coloring and glycerine. Stir, recap and continue aging for 1 to 2 months. Re-bottle as desired. Liqueur is ready to serve but will continue to improve with additional aging.",,Sugar,1 cup
75,75,Amaretto Mist,2017-01-02 20:19:31,11026.0,,,http://www.thecocktaildb.com/images/media/drink/utpxxq1483388370.jpg,,,"Pour amaretto in an old-fashioned glass over crushed ice. Add the wedge of lime and serve. (A wedge of lemon may be substituted for lime, if preferred.)",,,
76,76,Amaretto Rose,2017-04-24 22:32:59,11027.0,,,http://www.thecocktaildb.com/images/media/drink/3jm41q1493069578.jpg,,,Pour amaretto and lime juice over ice in a collins glass. Fill with club soda and serve.,,,
77,77,Amaretto Shake,2017-04-24 22:34:16,15194.0,,,http://www.thecocktaildb.com/images/media/drink/xk79al1493069655.jpg,,,Combine all ingredients in a blender and blend at high speed until smooth. Serve in chilled glass garnished with bittersweet chocolate shavings.,,Chocolate ice-cream,2 scoops 
78,78,Amaretto Sour,2017-04-24 22:43:32,13731.0,,,http://www.thecocktaildb.com/images/media/drink/xnzc541493070211.jpg,,,Shake and strain. Garnish with a cherry and an orange slice.,,,
79,79,Amaretto Stinger,2017-04-24 22:38:54,11028.0,,,http://www.thecocktaildb.com/images/media/drink/vvop4w1493069934.jpg,,,"Shake ingredients well with cracked ice, strain into a cocktail glass, and serve.",,,
80,80,Amaretto Stone Sour,2016-09-01 09:52:01,14306.0,,,http://www.thecocktaildb.com/images/media/drink/xwryyx1472719921.jpg,,,Shake and Serve over ice,,,
81,81,Amaretto Stone Sour #3,2016-09-01 09:53:32,16100.0,,,http://www.thecocktaildb.com/images/media/drink/wutxqr1472720012.jpg,,,"Shake sour mix, tequila and amaretto with ice. Strain into highball glass. Add a splash of OJ. Garnish with orange slice and a cherry.",,Sour mix,
82,82,Amaretto Sunrise,2017-04-24 22:44:27,14578.0,,,http://www.thecocktaildb.com/images/media/drink/akcpsh1493070267.jpg,,,Mix together the amaretto and orange juice. Pour into glass and then add the grenadine untill you see the sunrise.,,,
83,83,Amaretto Sunset,2017-04-24 22:36:00,17168.0,,,http://www.thecocktaildb.com/images/media/drink/apictz1493069760.jpg,,,"Shake ingredients in bartender's mixer quickly, just 5 shakes. Strain out ice, serve in glass immediately with a slice of orange.",,,1/2 jigger 
84,84,Amaretto Sweet & Sour,2016-08-31 19:35:46,16202.0,,,http://www.thecocktaildb.com/images/media/drink/vswwus1472668546.jpg,,,"Fill the blender with 3/4 ice. Add sweet & sour mix to the top of the ice. Add about 1"" of pineapple juice, 1/2"" of melon liqeur, and 1/2 to 1/4"" of amaretto. Then blend the mix until it is of margaritta consistency or thinner.",,,
85,85,Amaretto Tea,2017-04-24 22:42:47,11029.0,,,http://www.thecocktaildb.com/images/media/drink/b7qzo21493070167.jpg,Pousse cafe glass,,"Pour hot tea into a pousse-cafe glass, using a spoon in glass to prevent cracking. Add amaretto, but do not stir. Top with chilled whipped cream and serve.",,Tea,6 oz hot 
86,86,Americano,2016-11-04 09:52:06,15941.0,,,http://www.thecocktaildb.com/images/media/drink/trwruu1478253126.jpg,,,"Pour the Campari and vermouth over ice into glass, add a splash of soda water and garnish with half orange slice.",,Campari,
87,87,Angel Face,2016-11-04 09:52:58,11034.0,,,http://www.thecocktaildb.com/images/media/drink/vqpptp1478253178.jpg,,,Shake all ingredients with ice and strain contents into a cocktail glass.,,,
88,88,Angelica Liqueur,2016-08-31 19:21:12,12794.0,,,http://www.thecocktaildb.com/images/media/drink/yuurps1472667672.jpg,,,"Combine all herbs, nuts and spices with vodka in a 1 quart or larger aging container. Cap tightly and shake daily for 2 weeks. Strain through a fine muslin cloth or coffee filter, discarding solids. Clean out aging container. Place liquid back in container. Place sugar and water in saucepan and stir to combine over medium heat. When sugar is completely dissolved, set aside and let cool. When cool combine with food coloring and add to liqueur liquid. Cap and allow to age and mellow in a cool, dark place for one month.",,Angelica root,3 tblsp chopped
89,89,Apello,2016-07-18 22:13:35,15106.0,,,http://www.thecocktaildb.com/images/media/drink/uptxtv1468876415.jpg,,,Stirr. Grnish with maraschino cherry.,,Orange juice,4 cl 
90,90,Apple Berry Smoothie,2016-07-18 22:14:33,12710.0,,,http://www.thecocktaildb.com/images/media/drink/xwqvur1468876473.jpg,,,Throw everything into a blender and liquify.,,Berries,1 cup 
91,91,Apple Cider Punch #1,2016-02-03 15:26:58,12864.0,Optional alcohol,,http://www.thecocktaildb.com/images/media/drink/xrqxuv1454513218.jpg,,,"If you use the whole all spice and cloves, tie them in cheesecloth. Heat the mixture. Stir occasionally. If you want an alcoholic drink, rum would be nice.",,Apple cider,4 qt 
92,92,Apple Grande,2016-08-31 19:37:02,16289.0,,,http://www.thecocktaildb.com/images/media/drink/wqrptx1472668622.jpg,Punch Bowl,,Chill both ingredients!! Mix in a tumbler and enjoy!,,Tequila,3 oz 
93,93,Apple Karate,2016-07-18 22:17:14,12564.0,,,http://www.thecocktaildb.com/images/media/drink/syusvw1468876634.jpg,,,"Place all ingredients in the blender jar - cover and whiz on medium speed until well blended. Pour in one tall, 2 medium or 3 small glasses and drink up.",,Apple juice,2 cups 
94,94,Apple Pie with A Crust,2016-09-01 09:54:38,16958.0,,,http://www.thecocktaildb.com/images/media/drink/qspqxt1472720078.jpg,,,Just mix the two liquids and sprinkle in the cinnamon. Serve either cold or heated.,,,3 parts 
95,95,Apple Slammer,2017-04-24 22:37:32,13683.0,,,http://www.thecocktaildb.com/images/media/drink/09yd5f1493069852.jpg,,,"pour into a shot glass and present to consumer, they are expected to cover the top of the shotglass with thier palm, raise the glass, slam it on the bar and the swallow quickly.",,7-Up,
96,96,Applecar,2017-09-02 23:02:44,11046.0,,,http://www.thecocktaildb.com/images/media/drink/sbffau1504389764.jpg,,,,,,
97,97,Applejack,2016-11-15 11:24:22,16311.0,,,http://www.thecocktaildb.com/images/media/drink/sutyqp1479209062.jpg,,,"Add all ingredients into mixing glass, chill and strain into cocktail glass",,,
98,98,Apricot Lady,2017-09-02 23:03:34,11050.0,,,http://www.thecocktaildb.com/images/media/drink/146f251504389814.jpg,,,"In a shaker half-filled with ice cubes, combine the rum, apricot brandy, triple sec, lemon juice, and egg white. Shake well. Strain into an old-fashioned glass almost filled with ice cubes. Garnish with the orange slice.",,,
99,99,Apricot punch,2016-08-31 19:37:47,15849.0,,,http://www.thecocktaildb.com/images/media/drink/tuxxtp1472668667.jpg,Punch bowl,,Pour all ingrediants into a large punch bowl. Add ice and 4 oranges that are peeled and divided.,,,1 qt 
100,100,,,,,,,,,,,,
101,101,,,,,,,,,,,, 
102,174,,,,,,,,,,,Food coloring,2 drops blue 
103,188,,,,,,,,,,,,1/4 cup 
104,274,,,,,,,,,,,Glycerine,1/2 tsp 
105,288,,,,,,,,,,,,1 drop yellow 
106,300,,,,,,,,,,,,
107,301,,,,,,,,,,,,
108,302,,,,,,,,,,,,
109,303,,,,,,,,,,,,
110,304,,,,,,,,,,,,
111,305,,,,,,,,,,,,
112,306,,,,,,,,,,,,
113,307,,,,,,,,,,,,
114,308,,,,,,,,,,,,
115,309,,,,,,,,,,,,
116,310,,,,,,,,,,,,
117,311,,,,,,,,,,,,
118,312,,,,,,,,,,,,
119,313,,,,,,,,,,,,
120,314,,,,,,,,,,,,
121,315,,,,,,,,,,,,
122,316,,,,,,,,,,,,
123,317,,,,,,,,,,,,
124,318,,,,,,,,,,,,
125,319,,,,,,,,,,,,
126,320,,,,,,,,,,,,
127,321,,,,,,,,,,,,
128,322,,,,,,,,,,,,
129,323,,,,,,,,,,,,
130,324,,,,,,,,,,,,
131,325,,,,,,,,,,,,
132,326,,,,,,,,,,,,
133,327,,,,,,,,,,,,
134,328,,,,,,,,,,,,
135,329,,,,,,,,,,,,
136,330,,,,,,,,,,,,
137,331,,,,,,,,,,,,
138,332,,,,,,,,,,,,
139,333,,,,,,,,,,,,
140,334,,,,,,,,,,,,
141,335,,,,,,,,,,,,
142,336,,,,,,,,,,,,
143,337,,,,,,,,,,,,
144,338,,,,,,,,,,,,
145,339,,,,,,,,,,,,
146,340,,,,,,,,,,,,
147,341,,,,,,,,,,,,
148,342,,,,,,,,,,,,
149,343,,,,,,,,,,,,
150,344,,,,,,,,,,,,
151,345,,,,,,,,,,,,
152,346,,,,,,,,,,,,
153,347,,,,,,,,,,,,
154,348,,,,,,,,,,,,
155,349,,,,,,,,,,,,
156,350,,,,,,,,,,,,
157,351,,,,,,,,,,,,
158,352,,,,,,,,,,,,
159,353,,,,,,,,,,,,
160,354,,,,,,,,,,,,
161,355,,,,,,,,,,,,
162,356,,,,,,,,,,,,
163,357,,,,,,,,,,,,
164,358,,,,,,,,,,,,
165,359,,,,,,,,,,,,
166,360,,,,,,,,,,,,
167,361,,,,,,,,,,,,
168,362,,,,,,,,,,,,
169,363,,,,,,,,,,,,
170,364,,,,,,,,,,,,
171,365,,,,,,,,,,,,
172,366,,,,,,,,,,,,
173,367,,,,,,,,,,,,
174,368,,,,,,,,,,,,
175,369,,,,,,,,,,,,
176,370,,,,,,,,,,,,
177,371,,,,,,,,,,,,
178,372,,,,,,,,,,,,
179,373,,,,,,,,,,,,
180,374,,,,,,,,,,,,
181,375,,,,,,,,,,,,
182,376,,,,,,,,,,,,
183,377,,,,,,,,,,,,
184,378,,,,,,,,,,,,
185,379,,,,,,,,,,,,
186,380,,,,,,,,,,,,
187,381,,,,,,,,,,,,
188,382,,,,,,,,,,,,
189,383,,,,,,,,,,,,
190,384,,,,,,,,,,,,
191,385,,,,,,,,,,,,
192,386,,,,,,,,,,,,
193,387,,,,,,,,,,,,
194,388,,,,,,,,,,,,1 drop green 
195,389,,,,,,,,,,,,
196,390,,,,,,,,,,,,
197,391,,,,,,,,,,,,
198,392,,,,,,,,,,,,
199,393,,,,,,,,,,,,
200,394,,,,,,,,,,,,
201,395,,,,,,,,,,,,
202,396,,,,,,,,,,,,
203,397,,,,,,,,,,,,
204,398,,,,,,,,,,,,
205,399,,,,,,,,,,,,
206,701,,,,,,,,,,,Grand Marnier,1/4 oz 
207,702,,,,,,,,,,,,1.5 oz 
208,705,,,,,,,,,,,Jägermeister,
209,706,,,,,,,,,,,Wild Turkey,1/2 shot 
210,707,,,,,,,,,,,Johnnie Walker,
211,709,,,,,,,,,,,Coca-Cola,
212,710,,,,,,,,,,,,1 splash 
213,711,,,,,,,,,,,Blueberry schnapps,
214,712,,,,,,,,,,,,4 oz 
215,713,,,,,,,,,,,Bailey's irish cream,
216,714,,,,,,,,,,,Orange Curacao,
217,716,,,,,,,,,,,Ginger beer,
218,717,,,,,,,,,,,Peach schnapps,
219,718,,,,,,,,,,,Añejo rum,
220,720,,,,,,,,,,,Soda water,
221,721,,,,,,,,,,,Lemon,Juice of 1/2 
222,722,,,,,,,,,,,Kirschwasser,
223,723,,,,,,,,,,,Grapefruit juice,
224,725,,,,,,,,,,,,1 Shot 
225,729,,,,,,,,,,,,1 dash 
226,731,,,,,,,,,,,Peach nectar,
227,732,,,,,,,,,,,,50 gr 
228,733,,,,,,,,,,,Pisang Ambon,
229,734,,,,,,,,,,,Midori melon liqueur,
230,736,,,,,,,,,,,Sweet and sour,
231,737,,,,,,,,,,,Lime juice,
232,739,,,,,,,,,,,Cranberry Juice,
233,741,,,,,,,,,,,,1 1/2 tsp 
234,743,,,,,,,,,,,Lemon juice,
235,744,,,,,,,,,,,Cognac,
236,746,,,,,,,,,,,Lemonade,1/2 can 
237,748,,,,,,,,,,,Vermouth,
238,749,,,,,,,,,,,,1 tblsp 
239,751,,,,,,,,,,,Sherry,1 1/2 oz dry 
240,757,,,,,,,,,,,Creme de Banane,
241,758,,,,,,,,,,,,4 parts 
242,762,,,,,,,,,,,,1/2 oz white 
243,767,,,,,,,,,,,Bourbon,
244,770,,,,,,,,,,,Dark Creme de Cacao,
245,772,,,,,,,,,,,Ginger,2 tsp 
246,773,,,,,,,,,,,Light cream,
247,775,,,,,,,,,,,Lime,1 
248,777,,,,,,,,,,,Brandy,
249,783,,,,,,,,,,,,3 shots 
250,786,,,,,,,,,,,,1 oz red 
251,787,,,,,,,,,,,Apple brandy,
252,788,,,,,,,,,,,Almond,1 tblsp chopped 
253,789,,,,,,,,,,,,3 cl 
254,790,,,,,,,,,,,Apple,2 
255,791,,,,,,,,,,,Brown sugar,
256,792,,,,,,,,,,,,12 oz 
257,793,,,,,,,,,,,Carrot,1 large 
258,795,,,,,,,,,,,Apple schnapps,
259,799,,,,,,,,,,,Champagne,4 fifth 
260,801,,,,,,,,,,,Chambord raspberry liqueur,
261,803,,,,,,,,,,,,1/2 oz Bacardi 
262,805,,,,,,,,,,,Rumple Minze,
263,807,,,,,,,,,,,Jim Beam,
264,810,,,,,,,,,,,,Fill with 
265,812,,,,,,,,,,,,0.75 oz 
266,813,,,,,,,,,,,Frangelico,
267,814,,,,,,,,,,,Strawberry liqueur,
268,816,,,,,,,,,,,Lemon peel,1 twist of 
269,819,,,,,,,,,,,Ice," cubes
"
270,820,,,,,,,,,,,,0.5 oz 
271,822,,,,,,,,,,,,1 tsp 
272,825,,,,,,,,,,,Lemon Juice,1/4 Shot
273,828,,,,,,,,,,,Tonic water,
274,829,,,,,,,,,,,Orange,Juice of 1/4 
275,830,,,,,,,,,,,Orange Juice,
276,832,,,,,,,,,,,Anise,50 ml pure 
277,835,,,,,,,,,,,Coconut liqueur,
278,836,,,,,,,,,,,Sprite,
279,838,,,,,,,,,,,Ginger ale,
280,839,,,,,,,,,,,,Top up with
281,842,,,,,,,,,,,Heavy cream,
282,844,,,,,,,,,,,Creme de Cassis,
283,847,,,,,,,,,,,Soda Water,"Top up with
"
284,848,,,,,,,,,,,,"
"
285,854,,,,,,,,,,,,Juice of 1 
286,858,,,,,,,,,,,Pineapple juice,
287,859,,,,,,,,,,,,1 1/2 
288,860,,,,,,,,,,,Sloe gin,
289,861,,,,,,,,,,,Yellow Chartreuse,
290,867,,,,,,,,,,,Blackberry brandy,
291,868,,,,,,,,,,,Kummel,
292,869,,,,,,,,,,,Egg white,
293,870,,,,,,,,,,,Coffee,8 oz 
294,872,,,,,,,,,,,Guava juice,
295,874,,,,,,,,,,,Apricot,
296,876,,,,,,,,,,,Club soda,
297,882,,,,,,,,,,,,1/4 cl 
298,883,,,,,,,,,,,Cider,1/2 cup 
299,885,,,,,,,,,,,Whipped cream,Chilled 
300,886,,,,,,,,,,,,Twist of 
301,888,,,,,,,,,,,Allspice,1 cracked 
302,891,,,,,,,,,,,,6 oz frozen 
303,894,,,,,,,,,,,Cinnamon,3 dashes 
304,899,,,,,,,,,,,,1 fifth 
305,921,,,,,,,,,,,Maraschino cherry,
306,922,,,,,,,,,,,Strawberries,5 
307,924,,,,,,,,,,,Hot chocolate,
308,925,,,,,,,,,,,,1/8 Shot
309,929,,,,,,,,,,,Cherry,
310,930,,,,,,,,,,,Angostura Bitters,
311,932,,,,,,,,,,,Licorice root,
312,933,,,,,,,,,,,Bitter lemon,
313,937,,,,,,,,,,,,Top it up with 
314,938,,,,,,,,,,,,Add 
315,940,,,,,,,,,,,,Fill to top 
316,942,,,,,,,,,,,Milk,
317,944,,,,,,,,,,,Fresh Lemon Juice,1/8 shot 
318,945,,,,,,,,,,,,1/2 part 
319,946,,,,,,,,,,,,10 tsp 
320,959,,,,,,,,,,,,4 cl hot 
321,962,,,,,,,,,,,Nutmeg,
322,965,,,,,,,,,,,Cream,
323,972,,,,,,,,,,,,1 1/2 tblsp 
324,974,,,,,,,,,,,Almond flavoring,
325,981,,,,,,,,,,,,Add splash 
326,983,,,,,,,,,,,,Add 1/2 cup 
327,986,,,,,,,,,,,Orange peel,
328,988,,,,,,,,,,,,1 one-inch 
329,999,,,,,,,,,,,,4 L 
330,1003,,,,,,,,,,,Cointreau,
331,1022,,,,,,,,,,,Schweppes Russchian,
332,1032,,,,,,,,,,,Wormwood,
333,1036,,,,,,,,,,,,1 slice 
334,1042,,,,,,,,,,,Egg White,1/2 Fresh
335,1045,,,,,,,,,,,Fruit,
336,1050,,,,,,,,,,,Fresh Lime Juice,1/4 shot
337,1072,,,,,,,,,,,Pineapple,1 1/2 cup 
338,1074,,,,,,,,,,,Grain alcohol,1/2 cup pure 
339,1088,,,,,,,,,,,,3-6 crushed 
340,1091,,,,,,,,,,,Cloves,6 whole 
341,1099,,,,,,,,,,,,1/2 gal 
342,1141,,,,,,,,,,,Mint,
343,1150,,,,,,,,,,,Sugar Syrup,
344,1188,,,,,,,,,,,Coriander,1/8 tsp powdered 
345,1208,,,,,,,,,,,,1-2 dash 
346,1245,,,,,,,,,,,Salt,1-3 pint 
347,1272,,,,,,,,,,,,3-4 cups 
348,1288,,,,,,,,,,,Marjoram leaves,1 tblsp fresh chopped 
349,1291,,,,,,,,,,,,1 tsp ground 
350,1303,,,,,,,,,,,Vanilla ice-cream,
351,1308,,,,,,,,,,,Bitters,1 wedge 
352,1345,,,,,,,,,,,Fruit juice,
353,1374,,,,,,,,,,,,3 drops yellow 
354,1388,,,,,,,,,,,,1.5 cup 
355,1391,,,,,,,,,,,,3 sticks 
356,1474,,,,,,,,,,,,6 drops red 
357,1488,,,,,,,,,,,,1/2 cup granulated 
358,1500,,,,,,,,,,,"['Creme de Cacao', nan, nan, nan, nan, nan, nan, 'Vodka', nan, nan, nan, nan, nan, nan, nan]","['1 oz white ', nan, nan, nan, nan, nan, nan, '1 oz ', ' ', ' ', ' ', ' ', ' ', nan, nan]"
359,1501,,,,,,,,,,,"['Absolut Kurant', nan, nan, nan, nan, nan, nan, 'Grand Marnier', 'Chambord raspberry liqueur', 'Midori melon liqueur', 'Malibu rum', 'Amaretto', 'Cranberry juice', 'Pineapple juice', nan]","['1/2 oz ', ' ', ' ', ' ', ' ', nan, nan, '1/4 oz ', '1/4 oz ', '1/4 oz ', '1/4 oz ', '1/4 oz ', '1/2 oz ', '1/4 oz ', ' ']"
360,1502,,,,,,,,,,,"['Lager', nan, nan, nan, nan, nan, nan, 'Tequila', nan, nan, nan, nan, nan, nan, nan]","['16 oz ', nan, nan, nan, nan, nan, nan, '1.5 oz ', ' ', ' ', ' ', ' ', ' ', nan, nan]"
361,1503,,,,,,,,,,,"['Malibu rum', nan, nan, nan, nan, nan, nan, 'Light rum', '151 proof rum', 'Dark Creme de Cacao', 'Cointreau', 'Milk', 'Coconut liqueur', 'Vanilla ice-cream', nan]","['1/2 oz ', ' ', ' ', ' ', ' ', nan, nan, '1/2 oz ', '1/2 oz Bacardi ', '1 oz ', '1 oz ', '3 oz ', '1 oz ', '1 cup ', ' ']"
362,1504,,,,,,,,,,,"['Dark rum', nan, nan, nan, nan, nan, nan, 'Light rum', 'Vodka', 'Orange juice', nan, nan, nan, nan, nan]","['1 shot ', nan, nan, nan, nan, nan, nan, '2 shots ', '1 shot ', '1 shot ', ' ', ' ', ' ', ' ', ' ']"
363,1505,,,,,,,,,,,"['Goldschlager', nan, nan, nan, nan, nan, nan, 'Jägermeister', 'Rumple Minze', '151 proof rum', nan, nan, nan, nan, nan]","['1/2 oz ', nan, nan, nan, nan, nan, nan, '1/2 oz ', '1/2 oz ', '1/2 oz Bacardi ', ' ', ' ', ' ', ' ', ' ']"
364,1506,,,,,,,,,,,"['151 proof rum', nan, nan, nan, nan, nan, nan, 'Wild Turkey', nan, nan, nan, nan, nan, nan, nan]","['1/2 shot Bacardi ', nan, nan, nan, nan, nan, nan, '1/2 shot ', ' ', ' ', ' ', ' ', ' ', nan, nan]"
365,1507,,,,,,,,,,,"['Jack Daniels', nan, nan, nan, nan, nan, nan, 'Johnnie Walker', 'Jim Beam', nan, nan, nan, nan, nan, nan]","['1/3 oz ', nan, nan, nan, nan, nan, nan, '1/3 oz ', '1/3 oz ', ' ', ' ', ' ', ' ', ' ', nan]"
366,1508,,,,,,,,,,,"['Gin', nan, nan, nan, nan, nan, nan, 'Light rum', 'Tequila', 'Triple sec', 'Vodka', 'Coca-Cola', 'Sweet and sour', 'Bitters', 'Lemon']","['1/2 oz ', ' ', ' ', ' ', ' ', nan, nan, '1/2 oz ', '1/2 oz ', '1/2 oz ', '1/2 oz ', '\n', '1-2 dash ', '1 wedge ', ' ']"
367,1509,,,,,,,,,,,"['Peach Vodka', nan, nan, nan, nan, nan, nan, 'Coca-Cola', nan, nan, nan, nan, nan, nan, nan]","['2-3 oz', nan, nan, nan, nan, nan, nan, nan, nan, nan, nan, nan, nan, nan, nan]"
368,1510,,,,,,,,,,,"['Vanilla vodka', nan, nan, nan, nan, nan, nan, 'Grand Marnier', 'Orange juice', nan, nan, nan, nan, nan, nan]","['2 1/2 oz ', nan, nan, nan, nan, nan, nan, '1 splash ', 'Fill with ', ' ', ' ', ' ', ' ', ' ', nan]"
369,1511,,,,,,,,,,,"['Blue Curacao', nan, nan, nan, nan, nan, nan, 'Blueberry schnapps', 'Vodka', 'Sour mix', '7-Up', nan, nan, nan, nan]","['\n', nan, nan, nan, nan, nan, nan, '\n', '\n', '\n', '\n', '\n', '\n', '\n', nan]"
370,1512,,,,,,,,,,,"['Gin', nan, nan, nan, nan, nan, nan, '7-Up', 'Lemon juice', nan, nan, nan, nan, nan, nan]","['2 oz dry ', nan, nan, nan, nan, nan, nan, '4 oz ', '0.75 oz ', ' ', ' ', ' ', ' ', ' ', nan]"
371,1513,,,,,,,,,,,"['Kahlua', nan, nan, nan, nan, nan, nan, ""Bailey's irish cream"", 'Frangelico', nan, nan, nan, nan, nan, nan]","['1/3 part ', nan, nan, nan, nan, nan, nan, '1/3 part ', '1/3 part ', ' ', ' ', ' ', ' ', ' ', nan]"
372,1514,,,,,,,,,,,"['Absolut Citron', nan, nan, nan, nan, nan, nan, 'Orange Curacao', 'Strawberry liqueur', 'Orange juice', nan, nan, nan, nan, nan]","['2 oz ', nan, nan, nan, nan, nan, nan, '1/2 oz ', '1 splash ', '1 oz ', ' ', ' ', ' ', ' ', ' ']"
373,1515,,,,,,,,,,,"['Coconut rum', nan, nan, nan, nan, nan, nan, 'Amaretto', 'Orange juice', 'Grenadine', nan, nan, nan, nan, nan]","['1 oz ', nan, nan, nan, nan, nan, nan, '1/2 oz ', '4 oz ', '1/2 oz ', ' ', ' ', ' ', ' ', ' ']"
374,1516,,,,,,,,,,,"['Light rum', nan, nan, nan, nan, nan, nan, 'Ginger beer', 'Lemon peel', nan, nan, nan, nan, nan, nan]","['2 oz ', nan, nan, nan, nan, nan, nan, '4 oz ', '1 twist of ', ' ', ' ', ' ', ' ', ' ', nan]"
375,1517,,,,,,,,,,,"['Vodka', nan, nan, nan, nan, nan, nan, 'Peach schnapps', 'Orange juice', 'Cranberry juice', nan, nan, nan, nan, nan]","['1 oz ', nan, nan, nan, nan, nan, nan, '1 oz ', '3 oz ', '3 oz ', ' ', ' ', ' ', ' ', ' ']"
376,1518,,,,,,,,,,,"['Light rum', nan, nan, nan, nan, nan, nan, 'Añejo rum', 'Orange juice', 'Lemon juice', 'Ginger ale', 'Lemon peel', nan, nan, nan]","['1 oz ', ' ', ' ', nan, nan, nan, nan, '1 oz ', '1 oz ', '1/2 oz ', '3 oz ', '1 twist of ', ' ', ' ', ' ']"
377,1519,,,,,,,,,,,"['Amaretto', nan, nan, nan, nan, nan, nan, 'Southern Comfort', 'Ice', 'Sour mix', nan, nan, nan, nan, nan]","['1 shot ', nan, nan, nan, nan, nan, nan, '1 shot ', ' cubes\n', '\n', '\n', '\n', '\n', '\n', '\n']"
378,1520,,,,,,,,,,,"['Cranberry juice', nan, nan, nan, nan, nan, nan, 'Soda water', 'Midori melon liqueur', 'Creme de Banane', nan, nan, nan, nan, nan]","['2 oz ', nan, nan, nan, nan, nan, nan, '2 oz ', '0.5 oz ', '0.5 oz ', ' ', ' ', ' ', ' ', ' ']"
379,1521,,,,,,,,,,,"['Amaretto', nan, nan, nan, nan, nan, nan, 'Lemon', 'Ice', 'Maraschino cherry', nan, nan, nan, nan, nan]","['1 jigger ', nan, nan, nan, nan, nan, nan, 'Juice of 1/2 ', '\n', ' ', ' ', ' ', ' ', ' ', nan]"
380,1522,,,,,,,,,,,"['Vodka', nan, nan, nan, nan, nan, nan, 'Kirschwasser', 'Strawberry liqueur', 'Strawberries', 'Schweppes Russchian', nan, nan, nan, nan]","['2 oz ', '\n', nan, nan, nan, nan, nan, '1 oz ', '1 tsp ', '5 ', '\n', '\n', '\n', '\n', '\n']"
381,1523,,,,,,,,,,,"['Applejack', nan, nan, nan, nan, nan, nan, 'Grapefruit juice', nan, nan, nan, nan, nan, nan, nan]","['1 1/2 oz ', nan, nan, nan, nan, nan, nan, '1 oz ', ' ', ' ', ' ', ' ', ' ', nan, nan]"
382,1524,,,,,,,,,,,"['White Creme de Menthe', nan, nan, nan, nan, nan, nan, 'Southern Comfort', 'Vodka', 'Hot chocolate', nan, nan, nan, nan, nan]","['1/2 oz ', nan, nan, nan, nan, nan, nan, '3/4 oz ', '1/2 oz ', 'Fill with ', ' ', ' ', ' ', ' ', ' ']"
383,1525,,,,,,,,,,,"['Gin', nan, nan, nan, nan, nan, nan, 'Grand Marnier', 'Lemon Juice', 'Grenadine', nan, nan, nan, nan, nan]","['1 3/4 shot ', nan, nan, nan, nan, nan, nan, '1 Shot ', '1/4 Shot', '1/8 Shot', '\r\n', '\r\n', '\r\n', nan, nan]"
384,1526,,,,,,,,,,,"['Amaretto', nan, nan, nan, nan, nan, nan, ""Bailey's irish cream"", 'Cognac', nan, nan, nan, nan, nan, nan]","['1/3 ', nan, nan, nan, nan, nan, nan, '1/3 ', '1/3 ', ' ', ' ', ' ', ' ', ' ', nan]"
385,1527,,,,,,,,,,,"['151 proof rum', nan, nan, nan, nan, nan, nan, 'Wild Turkey', nan, nan, nan, nan, nan, nan, nan]","['1 oz Bacardi ', nan, nan, nan, nan, nan, nan, '1 oz ', ' ', ' ', ' ', ' ', ' ', nan, nan]"
386,1528,,,,,,,,,,,"['Absolut Vodka', nan, nan, nan, nan, nan, nan, 'Gin', 'Tonic water', nan, nan, nan, nan, nan, nan]","['1 oz ', nan, nan, nan, nan, nan, nan, '1 oz ', '4 oz ', ' ', ' ', ' ', ' ', ' ', nan]"
387,1529,,,,,,,,,,,"['Gin', nan, nan, nan, nan, nan, nan, 'Orange bitters', 'Orange', 'Cherry', nan, nan, nan, nan, nan]","['1 1/2 oz ', nan, nan, nan, nan, nan, nan, '1 dash ', 'Juice of 1/4 ', '1 ', ' ', ' ', ' ', ' ', ' ']"
388,1530,,,,,,,,,,,"['Gin', nan, nan, nan, nan, nan, nan, 'Sweet Vermouth', 'Orange Juice', 'Angostura Bitters', nan, nan, nan, nan, nan]","['2 shots ', nan, nan, nan, nan, nan, nan, '1 shot ', '1 shot ', '3 dashes ', '\r\n', '\r\n', '\r\n', nan, nan]"
389,1531,,,,,,,,,,,"['Dark rum', nan, nan, nan, nan, nan, nan, 'Peach nectar', 'Orange juice', nan, nan, nan, nan, nan, nan]","['1 1/2 oz ', nan, nan, nan, nan, nan, nan, '2 oz ', '3 oz ', ' ', ' ', ' ', ' ', ' ', nan]"
390,1532,,,,,,,,,,,"['Vodka', nan, nan, nan, nan, nan, nan, 'Sugar', 'Anise', 'Licorice root', 'Wormwood', nan, nan, nan, nan]","['1 bottle ', ' ', nan, nan, nan, nan, nan, '50 gr ', '50 ml pure ', '1 tblsp ', '1 ', ' ', ' ', ' ', ' ']"
391,1533,,,,,,,,,,,"['Absolut Citron', nan, nan, nan, nan, nan, nan, 'Pisang Ambon', 'Ice', 'Bitter lemon', nan, nan, nan, nan, nan]","['2/3 part ', nan, nan, nan, nan, nan, nan, '1/3 part ', ' cubes\n', '\n', '\n', '\n', '\n', '\n', '\n']"
392,1534,,,,,,,,,,,"['Absolut Kurant', nan, nan, nan, nan, nan, nan, 'Midori melon liqueur', 'Cranberry juice', 'Sprite', nan, nan, nan, nan, nan]","['3/4 oz ', nan, nan, nan, nan, nan, nan, '3/4 oz ', '1 oz ', '1 splash ', ' ', ' ', ' ', ' ', ' ']"
393,1535,,,,,,,,,,,"['Absolut Vodka', nan, nan, nan, nan, nan, nan, 'Peach schnapps', 'Coconut liqueur', 'Cranberry juice', 'Pineapple juice', nan, nan, nan, nan]","['1 1/2 oz ', ' ', nan, nan, nan, nan, nan, '1/2 oz ', '1/2 oz ', '1 1/2 oz ', '1 1/2 oz ', ' ', ' ', ' ', ' ']"
394,1536,,,,,,,,,,,"['Absolut Citron', nan, nan, nan, nan, nan, nan, 'Sweet and sour', 'Sprite', 'Soda water', 'Lemon', nan, nan, nan, nan]","['1 1/2 oz ', ' ', nan, nan, nan, nan, nan, '3/4 oz ', '1/2 oz ', '3 oz ', '1 slice ', ' ', ' ', ' ', ' ']"
395,1537,,,,,,,,,,,"['Absolut Citron', nan, nan, nan, nan, nan, nan, 'Lime juice', 'Ice', 'Tonic water', nan, nan, nan, nan, nan]","['2/3 ', nan, nan, nan, nan, nan, nan, '1/3 ', 'Fill with ', 'Top it up with ', ' ', ' ', ' ', ' ', ' ']"
396,1538,,,,,,,,,,,"['Absolut Vodka', nan, nan, nan, nan, nan, nan, 'Cranberry juice', 'Ginger ale', 'Ice', nan, nan, nan, nan, nan]","['2 oz ', nan, nan, nan, nan, nan, nan, '4 oz ', '2 oz ', 'Add ', ' ', ' ', ' ', ' ', ' ']"
397,1539,,,,,,,,,,,"['Vodka', nan, nan, nan, nan, nan, nan, 'Cranberry Juice', 'Champagne', nan, nan, nan, nan, nan, nan]","['1 shot ', nan, nan, nan, nan, nan, nan, '2 shots ', 'Top up with', '\r\n', '\r\n', '\r\n', '\r\n', nan, nan]"
398,1540,,,,,,,,,,,"['Absolut Citron', nan, nan, nan, nan, nan, nan, 'Orange juice', 'Triple sec', 'Ginger ale', nan, nan, nan, nan, nan]","['1 shot ', nan, nan, nan, nan, nan, nan, '1 shot ', '1 shot ', 'Fill to top ', ' ', ' ', ' ', ' ', ' ']"
399,1541,,,,,,,,,,,"['Light rum', nan, nan, nan, nan, nan, nan, 'Triple sec', 'Lime juice', 'Sugar', 'Egg white', 'Mint', nan, nan, nan]","['1 1/2 oz ', ' ', ' ', nan, nan, nan, nan, '1 1/2 tsp ', '1 tblsp ', '1 tsp ', '1 ', '1 ', ' ', ' ', ' ']"
400,1542,,,,,,,,,,,"['Gin', nan, nan, nan, nan, nan, nan, 'Grenadine', 'Heavy cream', 'Milk', 'Egg White', nan, nan, nan, nan]","['2 shots ', nan, nan, nan, nan, nan, nan, '1/2 shot ', '1/2 shot ', '1/2 shot ', '1/2 Fresh', '\r\n', '\r\n', nan, nan]"
401,1543,,,,,,,,,,,"['Dark rum', nan, nan, nan, nan, nan, nan, 'Lemon juice', 'Grenadine', nan, nan, nan, nan, nan, nan]","['2 oz ', nan, nan, nan, nan, nan, nan, '1 oz ', '1 tsp ', ' ', ' ', ' ', ' ', ' ', nan]"
402,1544,,,,,,,,,,,"['Gin', nan, nan, nan, nan, nan, nan, 'Cognac', 'Creme de Cassis', 'Fresh Lemon Juice', nan, nan, nan, nan, nan]","['1 shot ', nan, nan, nan, nan, nan, nan, '1 shot ', '1 shot ', '1/8 shot ', nan, nan, nan, nan, nan]"
403,1545,,,,,,,,,,,"['Rum', nan, nan, nan, nan, nan, nan, 'Vodka', 'Tequila', 'Triple sec', 'Fruit', 'Ice', 'Salt', 'Fruit juice', nan]","['1 part ', ' ', ' ', ' ', nan, nan, nan, '1 part ', '1 part ', '1/2 part ', '\n', '\n', '1-3 pint ', ' ', ' ']"
404,1546,,,,,,,,,,,"['Vodka', nan, nan, nan, nan, nan, nan, 'Lemonade', 'Water', 'Sugar', nan, nan, nan, nan, nan]","['1/2 ', nan, nan, nan, nan, nan, nan, '1/2 can ', '1/2 ', '10 tsp ', ' ', ' ', ' ', ' ', ' ']"
405,1547,,,,,,,,,,,"['Sweet Vermouth', nan, nan, nan, nan, nan, nan, 'Dry Vermouth', 'Soda Water', nan, nan, nan, nan, nan, nan]","['2 shots ', nan, nan, nan, nan, nan, nan, '1 shot ', 'Top up with\r\n', '\r\n', '\r\n', '\r\n', '\r\n', nan, nan]"
406,1548,,,,,,,,,,,"['Gin', nan, nan, nan, nan, nan, nan, 'Vermouth', nan, nan, nan, nan, nan, nan, nan]","['1 1/2 shot ', nan, nan, nan, nan, nan, nan, '1 1/2 shot ', '\r\n', '\r\n', '\r\n', '\r\n', '\r\n', nan, nan]"
407,1549,,,,,,,,,,,"['Vodka', nan, nan, nan, nan, nan, nan, 'Grenadine', 'Orange juice', nan, nan, nan, nan, nan, nan]","['1 shot ', nan, nan, nan, nan, nan, nan, '1 tblsp ', 'Fill with ', ' ', ' ', ' ', ' ', ' ', nan]"
408,1550,,,,,,,,,,,"['Rum', nan, nan, nan, nan, nan, nan, 'Dry Vermouth', 'Cognac', 'Gin', 'Fresh Lime Juice', 'Sugar Syrup', 'Water', nan, nan]","['1 shot ', nan, nan, nan, nan, nan, nan, '1/2 shot ', '1/2 shot ', '1/2 shot ', '1/4 shot', '1/4 shot', '1/2 shot ', nan, nan]"
409,1551,,,,,,,,,,,"['Sweet Vermouth', nan, nan, nan, nan, nan, nan, 'Sherry', 'Orange bitters', nan, nan, nan, nan, nan, nan]","['3/4 oz ', nan, nan, nan, nan, nan, nan, '1 1/2 oz dry ', '1 dash ', ' ', ' ', ' ', ' ', ' ', nan]"
410,1552,,,,,,,,,,,"['Strawberry schnapps', nan, nan, nan, nan, nan, nan, 'Orange juice', 'Cranberry juice', 'Club soda', nan, nan, nan, nan, nan]","['2 oz ', nan, nan, nan, nan, nan, nan, '2 oz ', '2 oz ', '\n', '\n', '\n', '\n', '\n', '\n']"
411,1553,,,,,,,,,,,"['Scotch', nan, nan, nan, nan, nan, nan, 'Sweet Vermouth', 'Dry Vermouth', 'Orange bitters', nan, nan, nan, nan, nan]","['1 1/2 oz ', nan, nan, nan, nan, nan, nan, '1 oz ', '1 oz ', '2 dashes ', ' ', ' ', ' ', ' ', ' ']"
412,1554,,,,,,,,,,,"['Apricot brandy', nan, nan, nan, nan, nan, nan, 'Triple sec', 'Lime', 'Lime', nan, nan, nan, nan, nan]","['1 oz ', nan, nan, nan, nan, nan, nan, '1 oz ', 'Juice of 1 ', '1 ', ' ', ' ', ' ', ' ', ' ']"
413,1555,,,,,,,,,,,"['Peppermint schnapps', nan, nan, nan, nan, nan, nan, 'Kahlua', ""Bailey's irish cream"", nan, nan, nan, nan, nan, nan]","['\n', nan, nan, nan, nan, nan, nan, '\n', '\n', '\n', '\n', '\n', '\n', nan, nan]"
414,1556,,,,,,,,,,,"['Triple sec', nan, nan, nan, nan, nan, nan, 'Apricot brandy', 'Lemon juice', nan, nan, nan, nan, nan, nan]","['1 oz ', nan, nan, nan, nan, nan, nan, '1 oz ', '1/2 tsp ', ' ', ' ', ' ', ' ', ' ', nan]"
415,1557,,,,,,,,,,,"['Vodka', nan, nan, nan, nan, nan, nan, 'Creme de Banane', 'Orange juice', nan, nan, nan, nan, nan, nan]","['2 cl ', nan, nan, nan, nan, nan, nan, '1 cl ', '\n', '\n', '\n', '\n', '\n', '\n', nan]"
416,1558,,,,,,,,,,,"['Grenadine', nan, nan, nan, nan, nan, nan, 'Orange juice', 'Pineapple juice', nan, nan, nan, nan, nan, nan]","['1 part ', nan, nan, nan, nan, nan, nan, '4 parts ', '4 parts ', ' ', ' ', ' ', ' ', ' ', nan]"
417,1559,,,,,,,,,,,"['Kahlua', nan, nan, nan, nan, nan, nan, ""Bailey's irish cream"", 'Frangelico', 'Coffee', 'Cream', nan, nan, nan, nan]","['1 cl ', '\n', nan, nan, nan, nan, nan, '1 cl ', '1 1/2 ', '4 cl hot ', '\n', '\n', '\n', '\n', '\n']"
418,1560,,,,,,,,,,,"['Southern Comfort', nan, nan, nan, nan, nan, nan, 'Amaretto', 'Sloe gin', 'Lemon juice', nan, nan, nan, nan, nan]","['1 oz ', nan, nan, nan, nan, nan, nan, '1 oz ', '1/2 oz ', '1 dash ', ' ', ' ', ' ', ' ', ' ']"
419,1561,,,,,,,,,,,"['Orange bitters', nan, nan, nan, nan, nan, nan, 'Gin', 'Yellow Chartreuse', 'Lemon peel', nan, nan, nan, nan, nan]","['2 dashes ', nan, nan, nan, nan, nan, nan, '1 1/2 oz ', '3/4 oz ', 'Twist of ', ' ', ' ', ' ', ' ', ' ']"
420,1562,,,,,,,,,,,"['Gin', nan, nan, nan, nan, nan, nan, 'Creme de Cacao', 'Light cream', 'Nutmeg', nan, nan, nan, nan, nan]","['1/2 oz ', nan, nan, nan, nan, nan, nan, '1/2 oz white ', '2 oz ', nan, nan, nan, nan, nan, nan]"
421,1563,,,,,,,,,,,"['Lemon vodka', nan, nan, nan, nan, nan, nan, 'Triple sec', 'Pineapple juice', nan, nan, nan, nan, nan, nan]","['1 1/2 oz ', nan, nan, nan, nan, nan, nan, '1 dash ', '1 tblsp ', ' ', ' ', ' ', ' ', ' ', nan]"
422,1564,,,,,,,,,,,"['Blended whiskey', nan, nan, nan, nan, nan, nan, 'Dry Vermouth', 'Pineapple juice', nan, nan, nan, nan, nan, nan]","['1 1/2 oz ', nan, nan, nan, nan, nan, nan, '1 oz ', '1 oz ', ' ', ' ', ' ', ' ', ' ', nan]"
423,1565,,,,,,,,,,,"['Grenadine', nan, nan, nan, nan, nan, nan, 'Orange juice', 'Pineapple juice', 'Cream', nan, nan, nan, nan, nan]","['1 cl ', nan, nan, nan, nan, nan, nan, '1 cl ', '2 cl ', '4 cl ', ' ', ' ', ' ', ' ', ' ']"
424,1566,,,,,,,,,,,"['Amaretto', nan, nan, nan, nan, nan, nan, 'Grand Marnier', 'Southern Comfort', nan, nan, nan, nan, nan, nan]","['1 shot ', nan, nan, nan, nan, nan, nan, '1 shot ', '1 shot ', ' ', ' ', ' ', ' ', ' ', nan]"
425,1567,,,,,,,,,,,"['Dry Vermouth', nan, nan, nan, nan, nan, nan, 'Bourbon', 'Blackberry brandy', 'Lemon juice', 'Lemon peel', nan, nan, nan, nan]","['1 oz ', ' ', nan, nan, nan, nan, nan, '1 oz ', '1 1/2 tsp ', '1 1/2 tsp ', '1 twist of ', ' ', ' ', ' ', ' ']"
426,1568,,,,,,,,,,,"['Dry Vermouth', nan, nan, nan, nan, nan, nan, 'Gin', 'Kummel', nan, nan, nan, nan, nan, nan]",
427,1569,,,,,,,,,,,"['Dark rum', nan, nan, nan, nan, nan, nan, 'Kahlua', 'Egg white', nan, nan, nan, nan, nan, nan]","['2 oz ', nan, nan, nan, nan, nan, nan, '1 oz ', '1 ', ' ', ' ', ' ', ' ', ' ', nan]"
428,1570,,,,,,,,,,,"['Amaretto', nan, nan, nan, nan, nan, nan, 'Dark Creme de Cacao', 'Coffee', nan, nan, nan, nan, nan, nan]","['3/4 oz ', nan, nan, nan, nan, nan, nan, '1/2 oz ', '8 oz ', ' ', ' ', ' ', ' ', ' ', nan]"
429,1571,,,,,,,,,,,"['Amaretto', nan, nan, nan, nan, nan, nan, 'Creme de Cacao', 'Light cream', nan, nan, nan, nan, nan, nan]","['1/2 oz ', nan, nan, nan, nan, nan, nan, '1/2 oz white ', '2 oz ', ' ', ' ', ' ', ' ', ' ', nan]"
430,1572,,,,,,,,,,,"['Water', nan, nan, nan, nan, nan, nan, 'Ginger', 'Guava juice', 'Lemon juice', 'Pineapple', 'Sugar', 'Pineapple juice', nan, nan]","['3/4 cup ', ' ', ' ', ' ', nan, nan, nan, '2 tsp ', '2 cups ', '1 1/2 tblsp ', '1 1/2 cup ', '1 cup ', '3-4 cups ', ' ', ' ']"
431,1573,,,,,,,,,,,"['Amaretto', nan, nan, nan, nan, nan, nan, 'Light cream', nan, nan, nan, nan, nan, nan, nan]","['1 1/2 oz ', nan, nan, nan, nan, nan, nan, '1 1/2 oz ', ' ', ' ', ' ', ' ', ' ', nan, nan]"
432,1574,,,,,,,,,,,"['Sugar', 'Food coloring', 'Glycerine', nan, nan, nan, nan, 'Water', 'Apricot', 'Almond flavoring', 'Grain alcohol', 'Water', 'Brandy', 'Food coloring', 'Food coloring']","['1 cup', '2 drops blue ', '1/2 tsp ', ' ', ' ', ' ', ' ', '3/4 cup ', '2 ', '1 tblsp ', '1/2 cup pure ', '1/2 cup ', '1 cup ', '3 drops yellow ', '6 drops red ']"
433,1575,,,,,,,,,,,"['Amaretto', nan, nan, nan, nan, nan, nan, 'Lime', nan, nan, nan, nan, nan, nan, nan]","['1 1/2 oz ', nan, nan, nan, nan, nan, nan, '1 ', ' ', ' ', ' ', ' ', ' ', nan, nan]"
434,1576,,,,,,,,,,,"['Amaretto', nan, nan, nan, nan, nan, nan, 'Lime juice', 'Club soda', nan, nan, nan, nan, nan, nan]","['1 1/2 oz ', nan, nan, nan, nan, nan, nan, '1/2 oz ', '\n', '\n', '\n', '\n', '\n', '\n', nan]"
435,1577,,,,,,,,,,,"['Chocolate ice-cream', nan, nan, nan, nan, nan, nan, 'Brandy', 'Amaretto', nan, nan, nan, nan, nan, nan]","['2 scoops ', nan, nan, nan, nan, nan, nan, '2 oz ', '2 oz ', ' ', ' ', ' ', ' ', ' ', nan]"
436,1578,,,,,,,,,,,"['Amaretto', nan, nan, nan, nan, nan, nan, 'Sour mix', nan, nan, nan, nan, nan, nan, nan]","['1 1/2 oz ', nan, nan, nan, nan, nan, nan, '3 oz ', ' ', ' ', ' ', ' ', ' ', nan, nan]"
437,1579,,,,,,,,,,,"['Amaretto', nan, nan, nan, nan, nan, nan, 'White Creme de Menthe', nan, nan, nan, nan, nan, nan, nan]","['1 1/2 oz ', nan, nan, nan, nan, nan, nan, '3/4 oz ', ' ', ' ', ' ', ' ', ' ', nan, nan]"
438,1580,,,,,,,,,,,"['Amaretto', nan, nan, nan, nan, nan, nan, 'Sour mix', 'Orange juice', nan, nan, nan, nan, nan, nan]","['1 part ', nan, nan, nan, nan, nan, nan, '1 part ', '1 part ', ' ', ' ', ' ', ' ', ' ', nan]"
439,1581,,,,,,,,,,,"['Sour mix', nan, nan, nan, nan, nan, nan, 'Amaretto', 'Tequila', 'Orange juice', nan, nan, nan, nan, nan]","['2 oz ', nan, nan, nan, nan, nan, nan, '2 oz ', '2 oz ', 'Add splash ', ' ', ' ', ' ', ' ', ' ']"
440,1582,,,,,,,,,,,"['Amaretto', nan, nan, nan, nan, nan, nan, 'Orange juice', 'Grenadine', nan, nan, nan, nan, nan, nan]","['1 cl ', nan, nan, nan, nan, nan, nan, '4 oz ', '1/4 cl ', ' ', ' ', ' ', ' ', ' ', nan]"
441,1583,,,,,,,,,,,"['Triple sec', nan, nan, nan, nan, nan, nan, 'Amaretto', 'Cider', 'Ice', nan, nan, nan, nan, nan]","['1/2 jigger ', nan, nan, nan, nan, nan, nan, '3 shots ', '1/2 cup ', 'Add 1/2 cup ', ' ', ' ', ' ', ' ', ' ']"
442,1584,,,,,,,,,,,"['Amaretto', nan, nan, nan, nan, nan, nan, 'Sweet and sour', 'Midori melon liqueur', 'Pineapple juice', nan, nan, nan, nan, nan]","['\n', nan, nan, nan, nan, nan, nan, '\n', ' ', ' ', ' ', ' ', ' ', nan, nan]"
443,1585,,,,,,,,,,,"['Tea', nan, nan, nan, nan, nan, nan, 'Amaretto', 'Whipped cream', nan, nan, nan, nan, nan, nan]","['6 oz hot ', nan, nan, nan, nan, nan, nan, '2 oz ', 'Chilled ', ' ', ' ', ' ', ' ', ' ', nan]"
444,1586,,,,,,,,,,,"['Campari', nan, nan, nan, nan, nan, nan, 'Sweet Vermouth', 'Lemon peel', 'Orange peel', nan, nan, nan, nan, nan]","['1 oz ', nan, nan, nan, nan, nan, nan, '1 oz red ', 'Twist of ', 'Twist of ', ' ', ' ', ' ', ' ', ' ']"
445,1587,,,,,,,,,,,"['Apricot brandy', nan, nan, nan, nan, nan, nan, 'Apple brandy', 'Gin', nan, nan, nan, nan, nan, nan]","['1/2 oz ', nan, nan, nan, nan, nan, nan, '1/2 oz ', '1 oz ', ' ', ' ', ' ', ' ', ' ', nan]"
446,1588,,,,,,,,,,,"['Angelica root', 'Water', 'Food coloring', 'Food coloring', nan, nan, nan, 'Almond', 'Allspice', 'Cinnamon', 'Anise', 'Coriander', 'Marjoram leaves', 'Vodka', 'Sugar']","['3 tblsp chopped', '1/4 cup ', '1 drop yellow ', '1 drop green ', ' ', ' ', ' ', '1 tblsp chopped ', '1 cracked ', '1 one-inch ', '3-6 crushed ', '1/8 tsp powdered ', '1 tblsp fresh chopped ', '1.5 cup ', '1/2 cup granulated ']"
447,1589,,,,,,,,,,,"['Orange juice', nan, nan, nan, nan, nan, nan, 'Grapefruit juice', 'Apple juice', 'Maraschino cherry', nan, nan, nan, nan, nan]","['4 cl ', nan, nan, nan, nan, nan, nan, '3 cl ', '1 cl ', '1 ', ' ', ' ', ' ', ' ', ' ']"
448,1590,,,,,,,,,,,"['Berries', nan, nan, nan, nan, nan, nan, 'Apple', nan, nan, nan, nan, nan, nan, nan]","['1 cup ', nan, nan, nan, nan, nan, nan, '2 ', ' ', ' ', ' ', ' ', ' ', nan, nan]"
449,1591,,,,,,,,,,,"['Apple cider', nan, nan, nan, nan, nan, nan, 'Brown sugar', 'Lemonade', 'Orange juice', 'Cloves', 'Allspice', 'Nutmeg', 'Cinnamon', nan]","['4 qt ', ' ', ' ', ' ', ' ', nan, nan, '1 cup ', '6 oz frozen ', '6 oz frozen ', '6 whole ', '6 whole ', '1 tsp ground ', '3 sticks ', ' ']"
450,1592,,,,,,,,,,,"['Tequila', nan, nan, nan, nan, nan, nan, 'Apple cider', nan, nan, nan, nan, nan, nan, nan]","['3 oz ', nan, nan, nan, nan, nan, nan, '12 oz ', ' ', ' ', ' ', ' ', ' ', nan, nan]"
451,1593,,,,,,,,,,,"['Apple juice', nan, nan, nan, nan, nan, nan, 'Carrot', nan, nan, nan, nan, nan, nan, nan]","['2 cups ', nan, nan, nan, nan, nan, nan, '1 large ', ' ', ' ', ' ', ' ', ' ', nan, nan]"
452,1594,,,,,,,,,,,"['Apple juice', nan, nan, nan, nan, nan, nan, 'Malibu rum', 'Cinnamon', nan, nan, nan, nan, nan, nan]","['3 parts ', nan, nan, nan, nan, nan, nan, '1 part ', '3 dashes ', ' ', ' ', ' ', ' ', ' ', nan]"
453,1595,,,,,,,,,,,"['7-Up', nan, nan, nan, nan, nan, nan, 'Apple schnapps', nan, nan, nan, nan, nan, nan, nan]","['1 part ', nan, nan, nan, nan, nan, nan, '1 part ', ' ', ' ', ' ', ' ', ' ', nan, nan]"
454,1596,,,,,,,,,,,"['Applejack', nan, nan, nan, nan, nan, nan, 'Triple sec', 'Lemon juice', nan, nan, nan, nan, nan, nan]","['1 oz ', nan, nan, nan, nan, nan, nan, '1 oz ', '1 oz ', ' ', ' ', ' ', ' ', ' ', nan]"
455,1597,,,,,,,,,,,"['Jack Daniels', nan, nan, nan, nan, nan, nan, 'Midori melon liqueur', 'Sour mix', nan, nan, nan, nan, nan, nan]","['1 oz ', nan, nan, nan, nan, nan, nan, '1/2 oz ', '2 oz ', ' ', ' ', ' ', ' ', ' ', nan]"
456,1598,,,,,,,,,,,"['Light rum', nan, nan, nan, nan, nan, nan, 'Apricot brandy', 'Triple sec', 'Lemon juice', 'Egg white', 'Orange', nan, nan, nan]","['1 1/2 oz ', ' ', ' ', nan, nan, nan, nan, '1 oz ', '1 tsp ', '1/2 oz ', '1 ', '1 ', ' ', ' ', ' ']"
457,1599,,,,,,,,,,,"['Apricot brandy', nan, nan, nan, nan, nan, nan, 'Champagne', 'Vodka', '7-Up', 'Orange juice', nan, nan, nan, nan]","['1 qt ', ' ', nan, nan, nan, nan, nan, '4 fifth ', '1 fifth ', '4 L ', '1/2 gal ', ' ', ' ', ' ', ' ']"
