,Name,ModificationDate,DrinkID,DrinkType,Category,GlassImageLink,Glass,IBA,Recipe,Video,Ingredients,Measure,PersonalRating,Comment,Favorite
0,'57 Chevy with a White License Plate,2016-07-18 22:49:04,14029,Alcoholic,Cocktail,http://www.thecocktaildb.com/images/media/drink/qyyvtu1468878544.jpg,Highball glass,,1. Fill a rocks glass with ice 2.add white creme de cacao and vodka 3.stir,,"['Creme de Cacao', nan, nan, nan, nan, nan, nan, 'Vodka', nan, nan, nan, nan, nan, nan, nan]","['1 oz white ', nan, nan, nan, nan, nan, nan, '1 oz ', ' ', ' ', ' ', ' ', ' ', nan, nan]",-1,,0
1,1-900-FUK-MEUP,2016-07-18 22:27:04,15395,Alcoholic,Shot,http://www.thecocktaildb.com/images/media/drink/uxywyw1468877224.jpg,Old-fashioned glass,,Shake ingredients in a mixing tin filled with ice cubes. Strain into a rocks glass.,,"['Absolut Kurant', nan, nan, nan, nan, nan, nan, 'Grand Marnier', 'Chambord raspberry liqueur', 'Midori melon liqueur', 'Malibu rum', 'Amaretto', 'Cranberry juice', 'Pineapple juice', nan]","['1/2 oz ', ' ', ' ', ' ', ' ', nan, nan, '1/4 oz ', '1/4 oz ', '1/4 oz ', '1/4 oz ', '1/4 oz ', '1/2 oz ', '1/4 oz ', ' ']",-1,,0
2,110 in the shade,2016-02-03 14:51:57,15423,Alcoholic,Beer,http://www.thecocktaildb.com/images/media/drink/xxyywq1454511117.jpg,Beer Glass,,Drop shooter in glass. Fill with beer,,"['Lager', nan, nan, nan, nan, nan, nan, 'Tequila', nan, nan, nan, nan, nan, nan, nan]","['16 oz ', nan, nan, nan, nan, nan, nan, '1.5 oz ', ' ', ' ', ' ', ' ', ' ', nan, nan]",-1,,0
3,151 Florida Bushwacker,2016-07-18 22:28:43,14588,Alcoholic,Milk / Float / Shake,http://www.thecocktaildb.com/images/media/drink/rvwrvv1468877323.jpg,Beer mug,,Combine all ingredients. Blend until smooth. Garnish with chocolate shavings if desired.,,"['Malibu rum', nan, nan, nan, nan, nan, nan, 'Light rum', '151 proof rum', 'Dark Creme de Cacao', 'Cointreau', 'Milk', 'Coconut liqueur', 'Vanilla ice-cream', nan]","['1/2 oz ', ' ', ' ', ' ', ' ', nan, nan, '1/2 oz ', '1/2 oz Bacardi ', '1 oz ', '1 oz ', '3 oz ', '1 oz ', '1 cup ', ' ']",-1,,0
4,155 Belmont,2016-10-05 12:36:28,15346,Alcoholic,Cocktail,http://www.thecocktaildb.com/images/media/drink/yqvvqs1475667388.jpg,White wine glass,,Blend with ice. Serve in a wine glass. Garnish with carrot.,,"['Dark rum', nan, nan, nan, nan, nan, nan, 'Light rum', 'Vodka', 'Orange juice', nan, nan, nan, nan, nan]","['1 shot ', nan, nan, nan, nan, nan, nan, '2 shots ', '1 shot ', '1 shot ', ' ', ' ', ' ', ' ', ' ']",-1,,0
5,24k nightmare,2016-07-18 22:31:38,17060,Alcoholic,Shot,http://www.thecocktaildb.com/images/media/drink/yyrwty1468877498.jpg,Shot glass,,"Add over ice,shake and pour.",,"['Goldschlager', nan, nan, nan, nan, nan, nan, 'Jägermeister', 'Rumple Minze', '151 proof rum', nan, nan, nan, nan, nan]","['1/2 oz ', nan, nan, nan, nan, nan, nan, '1/2 oz ', '1/2 oz ', '1/2 oz Bacardi ', ' ', ' ', ' ', ' ', ' ']",-1,,0
6,252,2016-07-18 22:32:42,15288,Alcoholic,Shot,http://www.thecocktaildb.com/images/media/drink/rtpxqw1468877562.jpg,Shot glass,,"Add both ingredients to shot glass, shoot, and get drunk quick",,"['151 proof rum', nan, nan, nan, nan, nan, nan, 'Wild Turkey', nan, nan, nan, nan, nan, nan, nan]","['1/2 shot Bacardi ', nan, nan, nan, nan, nan, nan, '1/2 shot ', ' ', ' ', ' ', ' ', ' ', nan, nan]",-1,,0
7,3 Wise Men,2016-07-18 22:34:37,13899,Alcoholic,Shot,http://www.thecocktaildb.com/images/media/drink/wxqpyw1468877677.jpg,Collins glass,,put them them in a glass... and slam it to tha head.,,"['Jack Daniels', nan, nan, nan, nan, nan, nan, 'Johnnie Walker', 'Jim Beam', nan, nan, nan, nan, nan, nan]","['1/3 oz ', nan, nan, nan, nan, nan, nan, '1/3 oz ', '1/3 oz ', ' ', ' ', ' ', ' ', ' ', nan]",-1,,0
8,3-Mile Long Island Iced Tea,2016-08-31 19:42:52,15300,Alcoholic,Ordinary Drink,http://www.thecocktaildb.com/images/media/drink/rrtssw1472668972.jpg,Collins Glass,,Fill 14oz glass with ice and alcohol. Fill 2/3 glass with cola and remainder with sweet & sour. Top with dash of bitters and lemon wedge.,,"['Gin', nan, nan, nan, nan, nan, nan, 'Light rum', 'Tequila', 'Triple sec', 'Vodka', 'Coca-Cola', 'Sweet and sour', 'Bitters', 'Lemon']","['1/2 oz ', ' ', ' ', ' ', ' ', nan, nan, '1/2 oz ', '1/2 oz ', '1/2 oz ', '1/2 oz ', '\n', '1-2 dash ', '1 wedge ', ' ']",-1,,0
9,410 Gone,2016-08-31 19:43:46,13581,Alcoholic,Ordinary Drink,http://www.thecocktaildb.com/images/media/drink/xtuyqv1472669026.jpg,Collins Glass,,,,"['Peach Vodka', nan, nan, nan, nan, nan, nan, 'Coca-Cola', nan, nan, nan, nan, nan, nan, nan]","['2-3 oz', nan, nan, nan, nan, nan, nan, nan, nan, nan, nan, nan, nan, nan, nan]",-1,,0
10,50/50,2016-04-29 09:41:56,14598,Alcoholic,Ordinary Drink,http://www.thecocktaildb.com/images/media/drink/wwpyvr1461919316.jpg,Collins Glass,,fill glass with crushed ice. Add vodka. Add a splash of grand-marnier. Fill with o.j.,,"['Vanilla vodka', nan, nan, nan, nan, nan, nan, 'Grand Marnier', 'Orange juice', nan, nan, nan, nan, nan, nan]","['2 1/2 oz ', nan, nan, nan, nan, nan, nan, '1 splash ', 'Fill with ', ' ', ' ', ' ', ' ', ' ', nan]",-1,,0
11,501 Blue,2016-04-28 19:11:37,17105,Alcoholic,Ordinary Drink,http://www.thecocktaildb.com/images/media/drink/ywxwqs1461867097.jpg,Collins Glass,,Mix equal amounts into a glass with ice.,,"['Blue Curacao', nan, nan, nan, nan, nan, nan, 'Blueberry schnapps', 'Vodka', 'Sour mix', '7-Up', nan, nan, nan, nan]","['\n', nan, nan, nan, nan, nan, nan, '\n', '\n', '\n', '\n', '\n', '\n', '\n', nan]",-1,,0
12,69 Special,2016-08-31 19:44:55,13940,Alcoholic,Ordinary Drink,http://www.thecocktaildb.com/images/media/drink/vqyxqx1472669095.jpg,Collins Glass,,"Pour 2 oz. gin. Add 4 oz. 7-up. Add Lemon Juice for flavor. If you are weak, top up glass with more 7-Up.",,"['Gin', nan, nan, nan, nan, nan, nan, '7-Up', 'Lemon juice', nan, nan, nan, nan, nan, nan]","['2 oz dry ', nan, nan, nan, nan, nan, nan, '4 oz ', '0.75 oz ', ' ', ' ', ' ', ' ', ' ', nan]",-1,,0
13,747,2016-08-31 19:28:26,14229,Alcoholic,Shot,http://www.thecocktaildb.com/images/media/drink/xxsxqy1472668106.jpg,Shot glass,,"pour kaluha, then Baileys, then Frangelico not chilled and not layered -- SERVE!!!",,"['Kahlua', nan, nan, nan, nan, nan, nan, ""Bailey's irish cream"", 'Frangelico', nan, nan, nan, nan, nan, nan]","['1/3 part ', nan, nan, nan, nan, nan, nan, '1/3 part ', '1/3 part ', ' ', ' ', ' ', ' ', ' ', nan]",-1,,0
14,9 1/2 Weeks,2016-08-31 19:48:22,16108,Alcoholic,Cocktail,http://www.thecocktaildb.com/images/media/drink/xvwusr1472669302.jpg,Cocktail glass,,Combine all ingredients in glass mixer. Chill and strain into Cocktail glass. Garnish with sliced strawberry.,,"['Absolut Citron', nan, nan, nan, nan, nan, nan, 'Orange Curacao', 'Strawberry liqueur', 'Orange juice', nan, nan, nan, nan, nan]","['2 oz ', nan, nan, nan, nan, nan, nan, '1/2 oz ', '1 splash ', '1 oz ', ' ', ' ', ' ', ' ', ' ']",-1,,0
15,A Day at the Beach,2016-02-03 15:47:54,15200,Alcoholic,Ordinary Drink,http://www.thecocktaildb.com/images/media/drink/trptts1454514474.jpg,Highball glass,,"Shake Rum, Amaretto, and Orange Juice in a shaker filled with ice. Strain over ice into a highball glass. Add Grenadine and garnish with a Pineapple Wedge and a Strawberry.",,"['Coconut rum', nan, nan, nan, nan, nan, nan, 'Amaretto', 'Orange juice', 'Grenadine', nan, nan, nan, nan, nan]","['1 oz ', nan, nan, nan, nan, nan, nan, '1/2 oz ', '4 oz ', '1/2 oz ', ' ', ' ', ' ', ' ', ' ']",-1,,0
16,A Furlong Too Late,2016-08-31 19:46:06,11000,Alcoholic,Ordinary Drink,http://www.thecocktaildb.com/images/media/drink/ssxvww1472669166.jpg,Highball glass,,Pour the rum and ginger beer into a highball glass almost filled with ice cubes. Stir well. Garnish with the lemon twist.,,"['Light rum', nan, nan, nan, nan, nan, nan, 'Ginger beer', 'Lemon peel', nan, nan, nan, nan, nan, nan]","['2 oz ', nan, nan, nan, nan, nan, nan, '4 oz ', '1 twist of ', ' ', ' ', ' ', ' ', ' ', nan]",-1,,0
17,A Gilligan's Island,2016-04-28 19:12:56,16943,Alcoholic,Cocktail,http://www.thecocktaildb.com/images/media/drink/wysqut1461867176.jpg,Collins glass,,"Shaken, not stirred!",,"['Vodka', nan, nan, nan, nan, nan, nan, 'Peach schnapps', 'Orange juice', 'Cranberry juice', nan, nan, nan, nan, nan]","['1 oz ', nan, nan, nan, nan, nan, nan, '1 oz ', '3 oz ', '3 oz ', ' ', ' ', ' ', ' ', ' ']",-1,,0
18,A Night In Old Mandalay,2016-04-29 09:43:00,11001,Alcoholic,Ordinary Drink,http://www.thecocktaildb.com/images/media/drink/vyrvxt1461919380.jpg,Highball glass,,"In a shaker half-filled with ice cubes, combine the light rum, añejo rum, orange juice, and lemon juice. Shake well. Strain into a highball glass almost filled with ice cubes. Top with the ginger ale. Garnish with the lemon twist.",,"['Light rum', nan, nan, nan, nan, nan, nan, 'Añejo rum', 'Orange juice', 'Lemon juice', 'Ginger ale', 'Lemon peel', nan, nan, nan]","['1 oz ', ' ', ' ', nan, nan, nan, nan, '1 oz ', '1 oz ', '1/2 oz ', '3 oz ', '1 twist of ', ' ', ' ', ' ']",-1,,0
19,A Piece of Ass,2016-09-01 09:48:57,16405,Alcoholic,Other/Unknown,http://www.thecocktaildb.com/images/media/drink/tqxyxx1472719737.jpg,Highball glass,,Put ice in glass. Pour in shots. Fill with Sour Mix.,,"['Amaretto', nan, nan, nan, nan, nan, nan, 'Southern Comfort', 'Ice', 'Sour mix', nan, nan, nan, nan, nan]","['1 shot ', nan, nan, nan, nan, nan, nan, '1 shot ', ' cubes\n', '\n', '\n', '\n', '\n', '\n', '\n']",-1,,0
20,A Splash of Nash,2016-08-31 19:30:01,14564,Alcoholic,Shot,http://www.thecocktaildb.com/images/media/drink/rsvtrr1472668201.jpg,Highball glass,,Drop shot glass with banana & melon liquers into a 9 oz hi- ball glass containing soda water and cranberry juice. Drink in one shot.,,"['Cranberry juice', nan, nan, nan, nan, nan, nan, 'Soda water', 'Midori melon liqueur', 'Creme de Banane', nan, nan, nan, nan, nan]","['2 oz ', nan, nan, nan, nan, nan, nan, '2 oz ', '0.5 oz ', '0.5 oz ', ' ', ' ', ' ', ' ', ' ']",-1,,0
21,A True Amaretto Sour,2016-08-31 19:49:32,17005,Alcoholic,Cocktail,http://www.thecocktaildb.com/images/media/drink/rptuxy1472669372.jpg,Old-fashioned glass,,"Rub the rim of an old fashioned glass with lemon, and dip repeatedly into granulated sugar until it has a good ""frosted"" rim. Shake a jigger of Amaretto with the juice of 1/2 a lemon. Strain into glass and add ice. Garnish with a Marachino Cherry.",,"['Amaretto', nan, nan, nan, nan, nan, nan, 'Lemon', 'Ice', 'Maraschino cherry', nan, nan, nan, nan, nan]","['1 jigger ', nan, nan, nan, nan, nan, nan, 'Juice of 1/2 ', '\n', ' ', ' ', ' ', ' ', ' ', nan]",-1,,0
22,A midsummernight dream,2016-04-28 19:14:52,15675,Alcoholic,Ordinary Drink,http://www.thecocktaildb.com/images/media/drink/ysqvqp1461867292.jpg,Collins Glass,,"Mix the strawberrys in a blender Pour it together with the vodka,kirch and strawberry liquer over ice in a shaker. Shake well and pour in a highballglass. Fill up with the Russchian water",,"['Vodka', nan, nan, nan, nan, nan, nan, 'Kirschwasser', 'Strawberry liqueur', 'Strawberries', 'Schweppes Russchian', nan, nan, nan, nan]","['2 oz ', '\n', nan, nan, nan, nan, nan, '1 oz ', '1 tsp ', '5 ', '\n', '\n', '\n', '\n', '\n']",-1,,0
23,A. J.,2016-09-02 11:16:58,11002,Alcoholic,Ordinary Drink,http://www.thecocktaildb.com/images/media/drink/uryyrr1472811418.jpg,Cocktail glass,,"Shake ingredients with ice, strain into a cocktail glass, and serve.",,"['Applejack', nan, nan, nan, nan, nan, nan, 'Grapefruit juice', nan, nan, nan, nan, nan, nan, nan]","['1 1/2 oz ', nan, nan, nan, nan, nan, nan, '1 oz ', ' ', ' ', ' ', ' ', ' ', nan, nan]",-1,,0
24,A.D.M. (After Dinner Mint),2016-08-31 19:53:20,14560,Alcoholic,Cocktail,http://www.thecocktaildb.com/images/media/drink/ruxuvp1472669600.jpg,Irish coffee cup,,shake vigorously,,"['White Creme de Menthe', nan, nan, nan, nan, nan, nan, 'Southern Comfort', 'Vodka', 'Hot chocolate', nan, nan, nan, nan, nan]","['1/2 oz ', nan, nan, nan, nan, nan, nan, '3/4 oz ', '1/2 oz ', 'Fill with ', ' ', ' ', ' ', ' ', ' ']",-1,,0
25,A1,2017-09-07 21:42:09,17222,Alcoholic,Cocktail,http://www.thecocktaildb.com/images/media/drink/2x8thr1504816928.jpg,Cocktail glass,,"Pour all ingredients into a cocktail shaker, mix and serve over ice into a chilled glass.",,"['Gin', nan, nan, nan, nan, nan, nan, 'Grand Marnier', 'Lemon Juice', 'Grenadine', nan, nan, nan, nan, nan]","['1 3/4 shot ', nan, nan, nan, nan, nan, nan, '1 Shot ', '1/4 Shot', '1/8 Shot', '\r\n', '\r\n', '\r\n', nan, nan]",-1,,0
26,ABC,2016-08-31 19:32:08,13501,Alcoholic,Shot,http://www.thecocktaildb.com/images/media/drink/tqpvqp1472668328.jpg,Shot glass,,Layered in a shot glass.,,"['Amaretto', nan, nan, nan, nan, nan, nan, ""Bailey's irish cream"", 'Cognac', nan, nan, nan, nan, nan, nan]","['1/3 ', nan, nan, nan, nan, nan, nan, '1/3 ', '1/3 ', ' ', ' ', ' ', ' ', ' ', nan]",-1,,0
27,ACID,2016-11-15 11:28:37,14610,Alcoholic,Shot,http://www.thecocktaildb.com/images/media/drink/xuxpxt1479209317.jpg,Shot glass,,Poor in the 151 first followed by the 101 served with a Coke or Dr Pepper chaser.,,"['151 proof rum', nan, nan, nan, nan, nan, nan, 'Wild Turkey', nan, nan, nan, nan, nan, nan, nan]","['1 oz Bacardi ', nan, nan, nan, nan, nan, nan, '1 oz ', ' ', ' ', ' ', ' ', ' ', nan, nan]",-1,,0
28,AT&T,2017-04-24 22:00:19,13938,Alcoholic,Ordinary Drink,http://www.thecocktaildb.com/images/media/drink/rhhwmp1493067619.jpg,Highball Glass,,"Pour Vodka and Gin over ice, add Tonic and Stir",,"['Absolut Vodka', nan, nan, nan, nan, nan, nan, 'Gin', 'Tonic water', nan, nan, nan, nan, nan, nan]","['1 oz ', nan, nan, nan, nan, nan, nan, '1 oz ', '4 oz ', ' ', ' ', ' ', ' ', ' ', nan]",-1,,0
29,Abbey Cocktail,2016-09-02 11:19:28,11003,Alcoholic,Ordinary Drink,http://www.thecocktaildb.com/images/media/drink/quyyuw1472811568.jpg,Cocktail glass,,Shake all ingredients (except for the cherry) with ice and strain into a cocktail glass. Top with the cherry and serve.,,"['Gin', nan, nan, nan, nan, nan, nan, 'Orange bitters', 'Orange', 'Cherry', nan, nan, nan, nan, nan]","['1 1/2 oz ', nan, nan, nan, nan, nan, nan, '1 dash ', 'Juice of 1/4 ', '1 ', ' ', ' ', ' ', ' ', ' ']",-1,,0
30,Abbey Martini,2017-09-07 21:50:03,17223,Alcoholic,Cocktail,http://www.thecocktaildb.com/images/media/drink/2mcozt1504817403.jpg,Cocktail glass,,"Put all ingredients into a shaker and mix, then strain contents into a chilled cocktail glass.",,"['Gin', nan, nan, nan, nan, nan, nan, 'Sweet Vermouth', 'Orange Juice', 'Angostura Bitters', nan, nan, nan, nan, nan]","['2 shots ', nan, nan, nan, nan, nan, nan, '1 shot ', '1 shot ', '3 dashes ', '\r\n', '\r\n', '\r\n', nan, nan]",-1,,0
31,Abilene,2016-04-29 09:44:25,11004,Alcoholic,Ordinary Drink,http://www.thecocktaildb.com/images/media/drink/ysqwwt1461919465.jpg,Highball glass,,Pour all of the ingredients into a highball glass almost filled with ice cubes. Stir well.,,"['Dark rum', nan, nan, nan, nan, nan, nan, 'Peach nectar', 'Orange juice', nan, nan, nan, nan, nan, nan]","['1 1/2 oz ', nan, nan, nan, nan, nan, nan, '2 oz ', '3 oz ', ' ', ' ', ' ', ' ', ' ', nan]",-1,,0
32,Absinthe #2,2016-08-31 19:13:17,12790,Alcoholic,Homemade Liqueur,http://www.thecocktaildb.com/images/media/drink/uxxtrt1472667197.jpg,Jar,,"Mix together and let sit a few days. Strain through a coffee filter. To serve mix 1 part absinthe to 4 parts water, add ice, enjoy.",,"['Vodka', nan, nan, nan, nan, nan, nan, 'Sugar', 'Anise', 'Licorice root', 'Wormwood', nan, nan, nan, nan]","['1 bottle ', ' ', nan, nan, nan, nan, nan, '50 gr ', '50 ml pure ', '1 tblsp ', '1 ', ' ', ' ', ' ', ' ']",-1,,0
33,Absolut Evergreen,2016-09-02 11:36:49,14374,Alcoholic,Other/Unknown,http://www.thecocktaildb.com/images/media/drink/wrxrxp1472812609.jpg,Collins Glass,,"Mix, pour over ice and top up with Bitter Lemon.",,"['Absolut Citron', nan, nan, nan, nan, nan, nan, 'Pisang Ambon', 'Ice', 'Bitter lemon', nan, nan, nan, nan, nan]","['2/3 part ', nan, nan, nan, nan, nan, nan, '1/3 part ', ' cubes\n', '\n', '\n', '\n', '\n', '\n', '\n']",-1,,0
34,Absolut Sex,2016-08-31 19:33:56,14360,Alcoholic,Shot,http://www.thecocktaildb.com/images/media/drink/xtrvtx1472668436.jpg,Old-fashioned glass,,"Shake Absolut Kurant, Midori, and Cranberry juice in shaker with ice: Strain into rocks glass: Splash of seven on top.Absolut Sex.",,"['Absolut Kurant', nan, nan, nan, nan, nan, nan, 'Midori melon liqueur', 'Cranberry juice', 'Sprite', nan, nan, nan, nan, nan]","['3/4 oz ', nan, nan, nan, nan, nan, nan, '3/4 oz ', '1 oz ', '1 splash ', ' ', ' ', ' ', ' ', ' ']",-1,,0
35,Absolut Stress #2,2016-09-02 11:23:45,15597,Alcoholic,Ordinary Drink,http://www.thecocktaildb.com/images/media/drink/xuyqrw1472811825.jpg,Collins Glass,,Mix well. Garnish with Orange and Cherry. Enjoy,,"['Absolut Vodka', nan, nan, nan, nan, nan, nan, 'Peach schnapps', 'Coconut liqueur', 'Cranberry juice', 'Pineapple juice', nan, nan, nan, nan]","['1 1/2 oz ', ' ', nan, nan, nan, nan, nan, '1/2 oz ', '1/2 oz ', '1 1/2 oz ', '1 1/2 oz ', ' ', ' ', ' ', ' ']",-1,,0
36,Absolut Summertime,2016-08-31 19:54:22,14107,Alcoholic,Cocktail,http://www.thecocktaildb.com/images/media/drink/trpxxs1472669662.jpg,Collins glass,,Add all ingredients except lemon to shaker filled with ice. Cover and shake vigorously. Strain contents into ice filled collins glass. Garnish with lemon.,,"['Absolut Citron', nan, nan, nan, nan, nan, nan, 'Sweet and sour', 'Sprite', 'Soda water', 'Lemon', nan, nan, nan, nan]","['1 1/2 oz ', ' ', nan, nan, nan, nan, nan, '3/4 oz ', '1/2 oz ', '3 oz ', '1 slice ', ' ', ' ', ' ', ' ']",-1,,0
37,Absolut limousine,2016-09-01 09:50:44,14372,Alcoholic,Other/Unknown,http://www.thecocktaildb.com/images/media/drink/ssqpyw1472719844.jpg,Collins Glass,,Fill Absolut into a glass. Add Lime juice. Add Ice and lime wedges.,,"['Absolut Citron', nan, nan, nan, nan, nan, nan, 'Lime juice', 'Ice', 'Tonic water', nan, nan, nan, nan, nan]","['2/3 ', nan, nan, nan, nan, nan, nan, '1/3 ', 'Fill with ', 'Top it up with ', ' ', ' ', ' ', ' ', ' ']",-1,,0
38,Absolutely Cranberry Smash,2016-09-02 11:24:44,15024,Alcoholic,Ordinary Drink,http://www.thecocktaildb.com/images/media/drink/vqwstv1472811884.jpg,Cocktail glass,,Stir ingredients together. Serve over ice.,,"['Absolut Vodka', nan, nan, nan, nan, nan, nan, 'Cranberry juice', 'Ginger ale', 'Ice', nan, nan, nan, nan, nan]","['2 oz ', nan, nan, nan, nan, nan, nan, '4 oz ', '2 oz ', 'Add ', ' ', ' ', ' ', ' ', ' ']",-1,,0
39,Absolutely Fabulous,2017-09-07 21:55:34,17224,Alcoholic,Cocktail,http://www.thecocktaildb.com/images/media/drink/abcpwr1504817734.jpg,Champagne flute,,Mix the Vodka and Cranberry juice together in a shaker and strain into a glass. Top up with Champagne.,,"['Vodka', nan, nan, nan, nan, nan, nan, 'Cranberry Juice', 'Champagne', nan, nan, nan, nan, nan, nan]","['1 shot ', nan, nan, nan, nan, nan, nan, '2 shots ', 'Top up with', '\r\n', '\r\n', '\r\n', '\r\n', nan, nan]",-1,,0
40,Absolutly Screwed Up,2016-08-31 19:55:28,16134,Alcoholic,Cocktail,http://www.thecocktaildb.com/images/media/drink/yvxrwv1472669728.jpg,Collins glass,,"Shake it up it tasts better that way, but you can stir it if you want. 6 of those and you will be wasted for the rest of the night.",,"['Absolut Citron', nan, nan, nan, nan, nan, nan, 'Orange juice', 'Triple sec', 'Ginger ale', nan, nan, nan, nan, nan]","['1 shot ', nan, nan, nan, nan, nan, nan, '1 shot ', '1 shot ', 'Fill to top ', ' ', ' ', ' ', ' ', ' ']",-1,,0
41,Acapulco,2016-09-02 11:26:16,11005,Alcoholic,Ordinary Drink,http://www.thecocktaildb.com/images/media/drink/vtpsvr1472811976.jpg,Old-fashioned glass,,Combine and shake all ingredients (except mint) with ice and strain into an old-fashioned glass over ice cubes. Add the sprig of mint and serve.,,"['Light rum', nan, nan, nan, nan, nan, nan, 'Triple sec', 'Lime juice', 'Sugar', 'Egg white', 'Mint', nan, nan, nan]","['1 1/2 oz ', ' ', ' ', nan, nan, nan, nan, '1 1/2 tsp ', '1 tblsp ', '1 tsp ', '1 ', '1 ', ' ', ' ', ' ']",-1,,0
42,Ace,2017-09-07 22:05:06,17225,Alcoholic,Cocktail,http://www.thecocktaildb.com/images/media/drink/l3cd7f1504818306.jpg,Martini Glass,,Shake all the ingredients in a cocktail shaker and ice then strain in a cold glass.,,"['Gin', nan, nan, nan, nan, nan, nan, 'Grenadine', 'Heavy cream', 'Milk', 'Egg White', nan, nan, nan, nan]","['2 shots ', nan, nan, nan, nan, nan, nan, '1/2 shot ', '1/2 shot ', '1/2 shot ', '1/2 Fresh', '\r\n', '\r\n', nan, nan]",-1,,0
43,Adam,2016-09-02 11:29:29,11006,Alcoholic,Ordinary Drink,http://www.thecocktaildb.com/images/media/drink/rwuxsv1472812169.jpg,Cocktail glass,,"In a shaker half-filled with ice cubes, combine all of the ingredients. Shake well. Strain into a cocktail glass.",,"['Dark rum', nan, nan, nan, nan, nan, nan, 'Lemon juice', 'Grenadine', nan, nan, nan, nan, nan, nan]","['2 oz ', nan, nan, nan, nan, nan, nan, '1 oz ', '1 tsp ', ' ', ' ', ' ', ' ', ' ', nan]",-1,,0
44,Adam & Eve,2017-09-07 22:17:58,17226,Alcoholic,Cocktail,http://www.thecocktaildb.com/images/media/drink/vfeumw1504819077.jpg,Cocktail glass,,Shake together all the ingredients and strain into a cold glass.,,"['Gin', nan, nan, nan, nan, nan, nan, 'Cognac', 'Creme de Cassis', 'Fresh Lemon Juice', nan, nan, nan, nan, nan]","['1 shot ', nan, nan, nan, nan, nan, nan, '1 shot ', '1 shot ', '1/8 shot ', nan, nan, nan, nan, nan]",-1,,0
45,Adam Bomb,2016-02-03 15:23:36,16333,Alcoholic,Punch / Party Drink,http://www.thecocktaildb.com/images/media/drink/tpxurs1454513016.jpg,Margarita/Coupette glass,,"Add ice to blender (or to glass if prefer on the rocks) then fruit, and fruite juice depending on personal prefference then add the Rum, Vodka, Tequila, and triple sec. blend till smooth, rim glass with sugar or salt and pour mixture in. garnish with lemon or lime slice.",,"['Rum', nan, nan, nan, nan, nan, nan, 'Vodka', 'Tequila', 'Triple sec', 'Fruit', 'Ice', 'Salt', 'Fruit juice', nan]","['1 part ', ' ', ' ', ' ', nan, nan, nan, '1 part ', '1 part ', '1/2 part ', '\n', '\n', '1-3 pint ', ' ', ' ']",-1,,0
46,Adam Sunrise,2016-09-02 11:28:32,15567,Alcoholic,Ordinary Drink,http://www.thecocktaildb.com/images/media/drink/vtuyvu1472812112.jpg,Collins Glass,,"Fill blender up with ice. Fill half with Bartons Vodka. Put 10 tsp of sugar, add 1/2 can lemonade concentrate, fill to top with water. Blend for 60 seconds.",,"['Vodka', nan, nan, nan, nan, nan, nan, 'Lemonade', 'Water', 'Sugar', nan, nan, nan, nan, nan]","['1/2 ', nan, nan, nan, nan, nan, nan, '1/2 can ', '1/2 ', '10 tsp ', ' ', ' ', ' ', ' ', ' ']",-1,,0
47,Addington,2017-09-07 22:15:25,17227,Alcoholic,Cocktail,http://www.thecocktaildb.com/images/media/drink/ib0b7g1504818925.jpg,Cocktail glass,,Mix both the vermouth's in a shaker and strain into a cold glass. Top up with a squirt of Soda Water. ,,"['Sweet Vermouth', nan, nan, nan, nan, nan, nan, 'Dry Vermouth', 'Soda Water', nan, nan, nan, nan, nan, nan]","['2 shots ', nan, nan, nan, nan, nan, nan, '1 shot ', 'Top up with\r\n', '\r\n', '\r\n', '\r\n', '\r\n', nan, nan]",-1,,0
48,Addison,2017-09-07 22:38:20,17228,Alcoholic,Cocktail,http://www.thecocktaildb.com/images/media/drink/yzva7x1504820300.jpg,Martini Glass,,Shake together all the ingredients and strain into a cold glass.,,"['Gin', nan, nan, nan, nan, nan, nan, 'Vermouth', nan, nan, nan, nan, nan, nan, nan]","['1 1/2 shot ', nan, nan, nan, nan, nan, nan, '1 1/2 shot ', '\r\n', '\r\n', '\r\n', '\r\n', '\r\n', nan, nan]",-1,,0
49,Addison Special,2017-04-24 22:14:53,14272,Alcoholic,Cocktail,http://www.thecocktaildb.com/images/media/drink/4vo5651493068493.jpg,Old-fashioned glass,,Combine ingredients in the order listed into a shaker. Fill half full with ice and shake well. Strain into glass with ice and garnish with a cherry and orange wedge.,,"['Vodka', nan, nan, nan, nan, nan, nan, 'Grenadine', 'Orange juice', nan, nan, nan, nan, nan, nan]","['1 shot ', nan, nan, nan, nan, nan, nan, '1 tblsp ', 'Fill with ', ' ', ' ', ' ', ' ', ' ', nan]",-1,,0
50,Adios Amigos Cocktail,2017-09-07 22:31:33,17229,Alcoholic,Cocktail,http://www.thecocktaildb.com/images/media/drink/8nk2mp1504819893.jpg,Martini Glass,,Shake together all the ingredients and strain into a cold glass.,,"['Rum', nan, nan, nan, nan, nan, nan, 'Dry Vermouth', 'Cognac', 'Gin', 'Fresh Lime Juice', 'Sugar Syrup', 'Water', nan, nan]","['1 shot ', nan, nan, nan, nan, nan, nan, '1/2 shot ', '1/2 shot ', '1/2 shot ', '1/4 shot', '1/4 shot', '1/2 shot ', nan, nan]",-1,,0
51,Adonis Cocktail,2016-09-02 11:27:11,11007,Alcoholic,Ordinary Drink,http://www.thecocktaildb.com/images/media/drink/xrvruq1472812030.jpg,Cocktail glass,,"Stir all ingredients with ice, strain contents into a cocktail glass, and serve.",,"['Sweet Vermouth', nan, nan, nan, nan, nan, nan, 'Sherry', 'Orange bitters', nan, nan, nan, nan, nan, nan]","['3/4 oz ', nan, nan, nan, nan, nan, nan, '1 1/2 oz dry ', '1 dash ', ' ', ' ', ' ', ' ', ' ', nan]",-1,,0
52,Affair,2016-09-01 10:05:34,11008,Alcoholic,Ordinary Drink,http://www.thecocktaildb.com/images/media/drink/wxrsxx1472720734.jpg,Highball glass,,"Pour schnapps, orange juice, and cranberry juice over ice in a highball glass. Top with club soda and serve.",,"['Strawberry schnapps', nan, nan, nan, nan, nan, nan, 'Orange juice', 'Cranberry juice', 'Club soda', nan, nan, nan, nan, nan]","['2 oz ', nan, nan, nan, nan, nan, nan, '2 oz ', '2 oz ', '\n', '\n', '\n', '\n', '\n', '\n']",-1,,0
53,Affinity,2017-09-07 21:44:05,11009,Alcoholic,Ordinary Drink,http://www.thecocktaildb.com/images/media/drink/nwatpb1504817045.jpg,Cocktail glass,,"In a mixing glass half-filled with ice cubes, combine all of the ingredients. Stir well. Strain into a cocktail glass.",,"['Scotch', nan, nan, nan, nan, nan, nan, 'Sweet Vermouth', 'Dry Vermouth', 'Orange bitters', nan, nan, nan, nan, nan]","['1 1/2 oz ', nan, nan, nan, nan, nan, nan, '1 oz ', '1 oz ', '2 dashes ', ' ', ' ', ' ', ' ', ' ']",-1,,0
54,After Dinner Cocktail,2017-01-02 20:06:18,11010,Alcoholic,Ordinary Drink,http://www.thecocktaildb.com/images/media/drink/vtytxq1483387578.jpg,Cocktail glass,,Shake all ingredients (except lime wedge) with ice and strain into a cocktail glass. Add the wedge of lime and serve.,,"['Apricot brandy', nan, nan, nan, nan, nan, nan, 'Triple sec', 'Lime', 'Lime', nan, nan, nan, nan, nan]","['1 oz ', nan, nan, nan, nan, nan, nan, '1 oz ', 'Juice of 1 ', '1 ', ' ', ' ', ' ', ' ', ' ']",-1,,0
55,After Five,2017-04-24 22:16:35,13807,Alcoholic,Shot,http://www.thecocktaildb.com/images/media/drink/sk3lr91493068595.jpg,Shot glass,,"1. Pour Kahlua into shot glass to about 1/2 full. 2. Using a spoon(inverted), slowly pour in the Peppermint Schnapps until glass is about 3/4 full. Done correctly, the Schnapps will flow under the Kahlua for a clear layer. 3. Again using a spoon, but this time right side up, slowly top off the glass with a layer of Bailey's. Be careful to place the spoon right at the top of the Kahlua layer and to raise it as the glass fills up. Done correctly, this will provide a layer of Bailey's floating over the Kahlua. 4. Toss it down all at once for something like a Peppermint Pattie, WITH A BANG!!! NOTE: Best if all ingredients are chilled",,"['Peppermint schnapps', nan, nan, nan, nan, nan, nan, 'Kahlua', ""Bailey's irish cream"", nan, nan, nan, nan, nan, nan]","['\n', nan, nan, nan, nan, nan, nan, '\n', '\n', '\n', '\n', '\n', '\n', nan, nan]",-1,,0
56,After Supper Cocktail,2017-01-02 20:06:50,11011,Alcoholic,Ordinary Drink,http://www.thecocktaildb.com/images/media/drink/quyxwu1483387610.jpg,Cocktail glass,,"Shake all ingredients with ice, strain into a cocktail glass, and serve.",,"['Triple sec', nan, nan, nan, nan, nan, nan, 'Apricot brandy', 'Lemon juice', nan, nan, nan, nan, nan, nan]","['1 oz ', nan, nan, nan, nan, nan, nan, '1 oz ', '1/2 tsp ', ' ', ' ', ' ', ' ', ' ', nan]",-1,,0
57,After sex,2017-04-24 22:18:22,15182,Alcoholic,Ordinary Drink,http://www.thecocktaildb.com/images/media/drink/xrl66i1493068702.jpg,Highball glass,,Pour the vodka and creme over some ice cubes in a tall glass and fill up with juice. to make it beuty full make the top of the glass with a grenadine and sugar,,"['Vodka', nan, nan, nan, nan, nan, nan, 'Creme de Banane', 'Orange juice', nan, nan, nan, nan, nan, nan]","['2 cl ', nan, nan, nan, nan, nan, nan, '1 cl ', '\n', '\n', '\n', '\n', '\n', '\n', nan]",-1,,0
58,Afterglow,2016-07-18 22:07:32,12560,Non alcoholic,Cocktail,http://www.thecocktaildb.com/images/media/drink/vuquyv1468876052.jpg,Highball Glass,,Mix. Serve over ice.,,"['Grenadine', nan, nan, nan, nan, nan, nan, 'Orange juice', 'Pineapple juice', nan, nan, nan, nan, nan, nan]","['1 part ', nan, nan, nan, nan, nan, nan, '4 parts ', '4 parts ', ' ', ' ', ' ', ' ', ' ', nan]",-1,,0
59,Afternoon,2016-08-31 19:22:57,13162,Alcoholic,Coffee / Tea,http://www.thecocktaildb.com/images/media/drink/vyrurp1472667777.jpg,Collins Glass,,"Build into a suiting glass, with no ice. Cream on top if wanted. Served directly.",,"['Kahlua', nan, nan, nan, nan, nan, nan, ""Bailey's irish cream"", 'Frangelico', 'Coffee', 'Cream', nan, nan, nan, nan]","['1 cl ', '\n', nan, nan, nan, nan, nan, '1 cl ', '1 1/2 ', '4 cl hot ', '\n', '\n', '\n', '\n', '\n']",-1,,0
60,Alabama Slammer,2017-01-02 20:07:27,11012,Alcoholic,Ordinary Drink,http://www.thecocktaildb.com/images/media/drink/qtwxwr1483387647.jpg,Highball glass,,"Pour all ingredients (except for lemon juice) over ice in a highball glass. Stir, add a dash of lemon juice, and serve.",,"['Southern Comfort', nan, nan, nan, nan, nan, nan, 'Amaretto', 'Sloe gin', 'Lemon juice', nan, nan, nan, nan, nan]","['1 oz ', nan, nan, nan, nan, nan, nan, '1 oz ', '1/2 oz ', '1 dash ', ' ', ' ', ' ', ' ', ' ']",-1,,0
61,Alaska Cocktail,2017-01-02 20:08:40,11013,Alcoholic,Ordinary Drink,http://www.thecocktaildb.com/images/media/drink/wsyryt1483387720.jpg,Cocktail glass,,"Stir all ingredients with ice, strain contents into a cocktail glass. Drop in a twist of lemon and serve.",,"['Orange bitters', nan, nan, nan, nan, nan, nan, 'Gin', 'Yellow Chartreuse', 'Lemon peel', nan, nan, nan, nan, nan]","['2 dashes ', nan, nan, nan, nan, nan, nan, '1 1/2 oz ', '3/4 oz ', 'Twist of ', ' ', ' ', ' ', ' ', ' ']",-1,,0
62,Alexander,2016-11-04 09:50:39,11014,Alcoholic,Ordinary Drink,http://www.thecocktaildb.com/images/media/drink/urystu1478253039.jpg,Cocktail glass,Unforgettables,Shake all ingredients with ice and strain contents into a cocktail glass. Sprinkle nutmeg on top and serve.,,"['Gin', nan, nan, nan, nan, nan, nan, 'Creme de Cacao', 'Light cream', 'Nutmeg', nan, nan, nan, nan, nan]","['1/2 oz ', nan, nan, nan, nan, nan, nan, '1/2 oz white ', '2 oz ', nan, nan, nan, nan, nan, nan]",-1,,0
63,Alfie Cocktail,2017-01-02 20:10:29,11019,Alcoholic,Ordinary Drink,http://www.thecocktaildb.com/images/media/drink/ypxsqy1483387829.jpg,Cocktail glass,,"Combine and shake all ingredients with ice, strain into a cocktail glass, and serve.",,"['Lemon vodka', nan, nan, nan, nan, nan, nan, 'Triple sec', 'Pineapple juice', nan, nan, nan, nan, nan, nan]","['1 1/2 oz ', nan, nan, nan, nan, nan, nan, '1 dash ', '1 tblsp ', ' ', ' ', ' ', ' ', ' ', nan]",-1,,0
64,Algonquin,2017-01-02 20:11:13,11020,Alcoholic,Ordinary Drink,http://www.thecocktaildb.com/images/media/drink/uwryxx1483387873.jpg,Cocktail glass,,"Combine and shake all ingredients with ice, strain contents into a cocktail glass, and serve.",,"['Blended whiskey', nan, nan, nan, nan, nan, nan, 'Dry Vermouth', 'Pineapple juice', nan, nan, nan, nan, nan, nan]","['1 1/2 oz ', nan, nan, nan, nan, nan, nan, '1 oz ', '1 oz ', ' ', ' ', ' ', ' ', ' ', nan]",-1,,0
65,Alice Cocktail,2016-07-18 22:09:04,12562,Non alcoholic,Cocktail,http://www.thecocktaildb.com/images/media/drink/qyqtpv1468876144.jpg,Cocktail glass,,"Shake well, strain into a large cocktail glass.",,"['Grenadine', nan, nan, nan, nan, nan, nan, 'Orange juice', 'Pineapple juice', 'Cream', nan, nan, nan, nan, nan]","['1 cl ', nan, nan, nan, nan, nan, nan, '1 cl ', '2 cl ', '4 cl ', ' ', ' ', ' ', ' ', ' ']",-1,,0
66,Alice in Wonderland,2017-04-24 22:29:51,17094,Alcoholic,Ordinary Drink,http://www.thecocktaildb.com/images/media/drink/g12lj41493069391.jpg,Collins Glass,,Just mix the three ingredients one to one to one,,"['Amaretto', nan, nan, nan, nan, nan, nan, 'Grand Marnier', 'Southern Comfort', nan, nan, nan, nan, nan, nan]","['1 shot ', nan, nan, nan, nan, nan, nan, '1 shot ', '1 shot ', ' ', ' ', ' ', ' ', ' ', nan]",-1,,0
67,Allegheny,2017-01-02 20:12:14,11021,Alcoholic,Ordinary Drink,http://www.thecocktaildb.com/images/media/drink/uwvyts1483387934.jpg,Cocktail glass,,Shake all ingredients (except lemon peel) with ice and strain into a cocktail glass. Top with the twist of lemon peel and serve.,,"['Dry Vermouth', nan, nan, nan, nan, nan, nan, 'Bourbon', 'Blackberry brandy', 'Lemon juice', 'Lemon peel', nan, nan, nan, nan]","['1 oz ', ' ', nan, nan, nan, nan, nan, '1 oz ', '1 1/2 tsp ', '1 1/2 tsp ', '1 twist of ', ' ', ' ', ' ', ' ']",-1,,0
68,Allies Cocktail,2017-01-02 20:15:04,11022,Alcoholic,Ordinary Drink,http://www.thecocktaildb.com/images/media/drink/qvprvp1483388104.jpg,Cocktail glass,,"Stir all ingredients with ice, strain contents into a cocktail glass, and serve.",,"['Dry Vermouth', nan, nan, nan, nan, nan, nan, 'Gin', 'Kummel', nan, nan, nan, nan, nan, nan]","['1 oz ', nan, nan, nan, nan, nan, nan, '1 oz ', '1/2 tsp ', ' ', ' ', ' ', ' ', ' ', nan]",-1,,0
69,Almeria,2017-01-02 20:16:21,11023,Alcoholic,Ordinary Drink,http://www.thecocktaildb.com/images/media/drink/rwsyyu1483388181.jpg,Cocktail glass,,"In a shaker half-filled with ice cubes, combine all of the ingredients. Shake well. Strain into a cocktail glass.",,"['Dark rum', nan, nan, nan, nan, nan, nan, 'Kahlua', 'Egg white', nan, nan, nan, nan, nan, nan]","['2 oz ', nan, nan, nan, nan, nan, nan, '1 oz ', '1 ', ' ', ' ', ' ', ' ', ' ', nan]",-1,,0
70,Almond Chocolate Coffee,2017-04-24 22:30:41,16082,Alcoholic,Ordinary Drink,http://www.thecocktaildb.com/images/media/drink/jls02c1493069441.jpg,Coffee mug,,Pour in order into coffee cup. Top with whipped creme and chocolate shcvings.,,"['Amaretto', nan, nan, nan, nan, nan, nan, 'Dark Creme de Cacao', 'Coffee', nan, nan, nan, nan, nan, nan]","['3/4 oz ', nan, nan, nan, nan, nan, nan, '1/2 oz ', '8 oz ', ' ', ' ', ' ', ' ', ' ', nan]",-1,,0
71,Almond Joy,2017-01-02 20:18:16,11024,Alcoholic,Ordinary Drink,http://www.thecocktaildb.com/images/media/drink/xutuqs1483388296.jpg,Cocktail glass,,"Shake all ingredients with ice, strain into a cocktail glass, and serve.",,"['Amaretto', nan, nan, nan, nan, nan, nan, 'Creme de Cacao', 'Light cream', nan, nan, nan, nan, nan, nan]","['1/2 oz ', nan, nan, nan, nan, nan, nan, '1/2 oz white ', '2 oz ', ' ', ' ', ' ', ' ', ' ', nan]",-1,,0
72,Aloha Fruit punch,2016-07-18 22:11:07,12862,Non alcoholic,Punch / Party Drink,http://www.thecocktaildb.com/images/media/drink/wsyvrt1468876267.jpg,Collins Glass,,"Add 1/4 cup water to ginger root. Boil 3 minutes. Strain. Add the liquid to the guava, lemon and pineapple juices. Make a syrup of sugar and remaining water. Cool. Combine with juices and pineapple. Chill throroughly.",,"['Water', nan, nan, nan, nan, nan, nan, 'Ginger', 'Guava juice', 'Lemon juice', 'Pineapple', 'Sugar', 'Pineapple juice', nan, nan]","['3/4 cup ', ' ', ' ', ' ', nan, nan, nan, '2 tsp ', '2 cups ', '1 1/2 tblsp ', '1 1/2 cup ', '1 cup ', '3-4 cups ', ' ', ' ']",-1,,0
73,Amaretto And Cream,2017-09-02 18:56:58,11025,Alcoholic,Ordinary Drink,http://www.thecocktaildb.com/images/media/drink/dj8n0r1504375018.jpg,Cocktail glass,,"Shake well with cracked ice, strain contents into a cocktail glass, and serve.",,"['Amaretto', nan, nan, nan, nan, nan, nan, 'Light cream', nan, nan, nan, nan, nan, nan, nan]","['1 1/2 oz ', nan, nan, nan, nan, nan, nan, '1 1/2 oz ', ' ', ' ', ' ', ' ', ' ', nan, nan]",-1,,0
74,Amaretto Liqueur,2016-09-01 09:47:29,12792,Alcoholic,Homemade Liqueur,http://www.thecocktaildb.com/images/media/drink/swqxuv1472719649.jpg,Collins Glass,,"Combine sugar and 3/4 cup water in a small saucepan. Bring to a boil, stirring constantly. Reduce heat and simmer until all sugar is dissolved. Remove from heat and cool. In an aging container, combine apricot halves, almond extract, grain alcohol with 1/2 cup water, and brandy. Stir in cooled sugar syrup mixture. Cap and let age for 2 days. Remove apricot halves. (Save apricot halves, can be used for cooking). Add food coloring and glycerine. Stir, recap and continue aging for 1 to 2 months. Re-bottle as desired. Liqueur is ready to serve but will continue to improve with additional aging.",,"['Sugar', 'Food coloring', 'Glycerine', nan, nan, nan, nan, 'Water', 'Apricot', 'Almond flavoring', 'Grain alcohol', 'Water', 'Brandy', 'Food coloring', 'Food coloring']","['1 cup', '2 drops blue ', '1/2 tsp ', ' ', ' ', ' ', ' ', '3/4 cup ', '2 ', '1 tblsp ', '1/2 cup pure ', '1/2 cup ', '1 cup ', '3 drops yellow ', '6 drops red ']",-1,,0
75,Amaretto Mist,2017-01-02 20:19:31,11026,Alcoholic,Ordinary Drink,http://www.thecocktaildb.com/images/media/drink/utpxxq1483388370.jpg,Old-fashioned glass,,"Pour amaretto in an old-fashioned glass over crushed ice. Add the wedge of lime and serve. (A wedge of lemon may be substituted for lime, if preferred.)",,"['Amaretto', nan, nan, nan, nan, nan, nan, 'Lime', nan, nan, nan, nan, nan, nan, nan]","['1 1/2 oz ', nan, nan, nan, nan, nan, nan, '1 ', ' ', ' ', ' ', ' ', ' ', nan, nan]",-1,,0
76,Amaretto Rose,2017-04-24 22:32:59,11027,Alcoholic,Ordinary Drink,http://www.thecocktaildb.com/images/media/drink/3jm41q1493069578.jpg,Collins glass,,Pour amaretto and lime juice over ice in a collins glass. Fill with club soda and serve.,,"['Amaretto', nan, nan, nan, nan, nan, nan, 'Lime juice', 'Club soda', nan, nan, nan, nan, nan, nan]","['1 1/2 oz ', nan, nan, nan, nan, nan, nan, '1/2 oz ', '\n', '\n', '\n', '\n', '\n', '\n', nan]",-1,,0
77,Amaretto Shake,2017-04-24 22:34:16,15194,Alcoholic,Ordinary Drink,http://www.thecocktaildb.com/images/media/drink/xk79al1493069655.jpg,Collins Glass,,Combine all ingredients in a blender and blend at high speed until smooth. Serve in chilled glass garnished with bittersweet chocolate shavings.,,"['Chocolate ice-cream', nan, nan, nan, nan, nan, nan, 'Brandy', 'Amaretto', nan, nan, nan, nan, nan, nan]","['2 scoops ', nan, nan, nan, nan, nan, nan, '2 oz ', '2 oz ', ' ', ' ', ' ', ' ', ' ', nan]",-1,,0
78,Amaretto Sour,2017-04-24 22:43:32,13731,Alcoholic,Ordinary Drink,http://www.thecocktaildb.com/images/media/drink/xnzc541493070211.jpg,Collins Glass,,Shake and strain. Garnish with a cherry and an orange slice.,,"['Amaretto', nan, nan, nan, nan, nan, nan, 'Sour mix', nan, nan, nan, nan, nan, nan, nan]","['1 1/2 oz ', nan, nan, nan, nan, nan, nan, '3 oz ', ' ', ' ', ' ', ' ', ' ', nan, nan]",-1,,0
79,Amaretto Stinger,2017-04-24 22:38:54,11028,Alcoholic,Ordinary Drink,http://www.thecocktaildb.com/images/media/drink/vvop4w1493069934.jpg,Cocktail glass,,"Shake ingredients well with cracked ice, strain into a cocktail glass, and serve.",,"['Amaretto', nan, nan, nan, nan, nan, nan, 'White Creme de Menthe', nan, nan, nan, nan, nan, nan, nan]","['1 1/2 oz ', nan, nan, nan, nan, nan, nan, '3/4 oz ', ' ', ' ', ' ', ' ', ' ', nan, nan]",-1,,0
80,Amaretto Stone Sour,2016-09-01 09:52:01,14306,Alcoholic,Other/Unknown,http://www.thecocktaildb.com/images/media/drink/xwryyx1472719921.jpg,Collins Glass,,Shake and Serve over ice,,"['Amaretto', nan, nan, nan, nan, nan, nan, 'Sour mix', 'Orange juice', nan, nan, nan, nan, nan, nan]","['1 part ', nan, nan, nan, nan, nan, nan, '1 part ', '1 part ', ' ', ' ', ' ', ' ', ' ', nan]",-1,,0
81,Amaretto Stone Sour #3,2016-09-01 09:53:32,16100,Alcoholic,Other/Unknown,http://www.thecocktaildb.com/images/media/drink/wutxqr1472720012.jpg,Highball glass,,"Shake sour mix, tequila and amaretto with ice. Strain into highball glass. Add a splash of OJ. Garnish with orange slice and a cherry.",,"['Sour mix', nan, nan, nan, nan, nan, nan, 'Amaretto', 'Tequila', 'Orange juice', nan, nan, nan, nan, nan]","['2 oz ', nan, nan, nan, nan, nan, nan, '2 oz ', '2 oz ', 'Add splash ', ' ', ' ', ' ', ' ', ' ']",-1,,0
82,Amaretto Sunrise,2017-04-24 22:44:27,14578,Alcoholic,Ordinary Drink,http://www.thecocktaildb.com/images/media/drink/akcpsh1493070267.jpg,Collins Glass,,Mix together the amaretto and orange juice. Pour into glass and then add the grenadine untill you see the sunrise.,,"['Amaretto', nan, nan, nan, nan, nan, nan, 'Orange juice', 'Grenadine', nan, nan, nan, nan, nan, nan]","['1 cl ', nan, nan, nan, nan, nan, nan, '4 oz ', '1/4 cl ', ' ', ' ', ' ', ' ', ' ', nan]",-1,,0
83,Amaretto Sunset,2017-04-24 22:36:00,17168,Alcoholic,Ordinary Drink,http://www.thecocktaildb.com/images/media/drink/apictz1493069760.jpg,Collins Glass,,"Shake ingredients in bartender's mixer quickly, just 5 shakes. Strain out ice, serve in glass immediately with a slice of orange.",,"['Triple sec', nan, nan, nan, nan, nan, nan, 'Amaretto', 'Cider', 'Ice', nan, nan, nan, nan, nan]","['1/2 jigger ', nan, nan, nan, nan, nan, nan, '3 shots ', '1/2 cup ', 'Add 1/2 cup ', ' ', ' ', ' ', ' ', ' ']",-1,,0
84,Amaretto Sweet & Sour,2016-08-31 19:35:46,16202,Alcoholic,Punch / Party Drink,http://www.thecocktaildb.com/images/media/drink/vswwus1472668546.jpg,Margarita/Coupette glass,,"Fill the blender with 3/4 ice. Add sweet & sour mix to the top of the ice. Add about 1"" of pineapple juice, 1/2"" of melon liqeur, and 1/2 to 1/4"" of amaretto. Then blend the mix until it is of margaritta consistency or thinner.",,"['Amaretto', nan, nan, nan, nan, nan, nan, 'Sweet and sour', 'Midori melon liqueur', 'Pineapple juice', nan, nan, nan, nan, nan]","['\n', nan, nan, nan, nan, nan, nan, '\n', ' ', ' ', ' ', ' ', ' ', nan, nan]",-1,,0
85,Amaretto Tea,2017-04-24 22:42:47,11029,Alcoholic,Ordinary Drink,http://www.thecocktaildb.com/images/media/drink/b7qzo21493070167.jpg,Pousse cafe glass,,"Pour hot tea into a pousse-cafe glass, using a spoon in glass to prevent cracking. Add amaretto, but do not stir. Top with chilled whipped cream and serve.",,"['Tea', nan, nan, nan, nan, nan, nan, 'Amaretto', 'Whipped cream', nan, nan, nan, nan, nan, nan]","['6 oz hot ', nan, nan, nan, nan, nan, nan, '2 oz ', 'Chilled ', ' ', ' ', ' ', ' ', ' ', nan]",-1,,0
86,Americano,2016-11-04 09:52:06,15941,Alcoholic,Ordinary Drink,http://www.thecocktaildb.com/images/media/drink/trwruu1478253126.jpg,Collins glass,Unforgettables,"Pour the Campari and vermouth over ice into glass, add a splash of soda water and garnish with half orange slice.",,"['Campari', nan, nan, nan, nan, nan, nan, 'Sweet Vermouth', 'Lemon peel', 'Orange peel', nan, nan, nan, nan, nan]","['1 oz ', nan, nan, nan, nan, nan, nan, '1 oz red ', 'Twist of ', 'Twist of ', ' ', ' ', ' ', ' ', ' ']",-1,,0
87,Angel Face,2016-11-04 09:52:58,11034,Alcoholic,Ordinary Drink,http://www.thecocktaildb.com/images/media/drink/vqpptp1478253178.jpg,Cocktail glass,Unforgettables,Shake all ingredients with ice and strain contents into a cocktail glass.,,"['Apricot brandy', nan, nan, nan, nan, nan, nan, 'Apple brandy', 'Gin', nan, nan, nan, nan, nan, nan]","['1/2 oz ', nan, nan, nan, nan, nan, nan, '1/2 oz ', '1 oz ', ' ', ' ', ' ', ' ', ' ', nan]",-1,,0
88,Angelica Liqueur,2016-08-31 19:21:12,12794,Alcoholic,Homemade Liqueur,http://www.thecocktaildb.com/images/media/drink/yuurps1472667672.jpg,Collins Glass,,"Combine all herbs, nuts and spices with vodka in a 1 quart or larger aging container. Cap tightly and shake daily for 2 weeks. Strain through a fine muslin cloth or coffee filter, discarding solids. Clean out aging container. Place liquid back in container. Place sugar and water in saucepan and stir to combine over medium heat. When sugar is completely dissolved, set aside and let cool. When cool combine with food coloring and add to liqueur liquid. Cap and allow to age and mellow in a cool, dark place for one month.",,"['Angelica root', 'Water', 'Food coloring', 'Food coloring', nan, nan, nan, 'Almond', 'Allspice', 'Cinnamon', 'Anise', 'Coriander', 'Marjoram leaves', 'Vodka', 'Sugar']","['3 tblsp chopped', '1/4 cup ', '1 drop yellow ', '1 drop green ', ' ', ' ', ' ', '1 tblsp chopped ', '1 cracked ', '1 one-inch ', '3-6 crushed ', '1/8 tsp powdered ', '1 tblsp fresh chopped ', '1.5 cup ', '1/2 cup granulated ']",-1,,0
89,Apello,2016-07-18 22:13:35,15106,Non alcoholic,Other/Unknown,http://www.thecocktaildb.com/images/media/drink/uptxtv1468876415.jpg,Collins Glass,,Stirr. Grnish with maraschino cherry.,,"['Orange juice', nan, nan, nan, nan, nan, nan, 'Grapefruit juice', 'Apple juice', 'Maraschino cherry', nan, nan, nan, nan, nan]","['4 cl ', nan, nan, nan, nan, nan, nan, '3 cl ', '1 cl ', '1 ', ' ', ' ', ' ', ' ', ' ']",-1,,0
90,Apple Berry Smoothie,2016-07-18 22:14:33,12710,Non alcoholic,Other/Unknown,http://www.thecocktaildb.com/images/media/drink/xwqvur1468876473.jpg,Highball Glass,,Throw everything into a blender and liquify.,,"['Berries', nan, nan, nan, nan, nan, nan, 'Apple', nan, nan, nan, nan, nan, nan, nan]","['1 cup ', nan, nan, nan, nan, nan, nan, '2 ', ' ', ' ', ' ', ' ', ' ', nan, nan]",-1,,0
91,Apple Cider Punch #1,2016-02-03 15:26:58,12864,Optional alcohol,Punch / Party Drink,http://www.thecocktaildb.com/images/media/drink/xrqxuv1454513218.jpg,Collins Glass,,"If you use the whole all spice and cloves, tie them in cheesecloth. Heat the mixture. Stir occasionally. If you want an alcoholic drink, rum would be nice.",,"['Apple cider', nan, nan, nan, nan, nan, nan, 'Brown sugar', 'Lemonade', 'Orange juice', 'Cloves', 'Allspice', 'Nutmeg', 'Cinnamon', nan]","['4 qt ', ' ', ' ', ' ', ' ', nan, nan, '1 cup ', '6 oz frozen ', '6 oz frozen ', '6 whole ', '6 whole ', '1 tsp ground ', '3 sticks ', ' ']",-1,,0
92,Apple Grande,2016-08-31 19:37:02,16289,Alcoholic,Punch / Party Drink,http://www.thecocktaildb.com/images/media/drink/wqrptx1472668622.jpg,Punch Bowl,,Chill both ingredients!! Mix in a tumbler and enjoy!,,"['Tequila', nan, nan, nan, nan, nan, nan, 'Apple cider', nan, nan, nan, nan, nan, nan, nan]","['3 oz ', nan, nan, nan, nan, nan, nan, '12 oz ', ' ', ' ', ' ', ' ', ' ', nan, nan]",-1,,0
93,Apple Karate,2016-07-18 22:17:14,12564,Non alcoholic,Cocktail,http://www.thecocktaildb.com/images/media/drink/syusvw1468876634.jpg,Highball Glass,,"Place all ingredients in the blender jar - cover and whiz on medium speed until well blended. Pour in one tall, 2 medium or 3 small glasses and drink up.",,"['Apple juice', nan, nan, nan, nan, nan, nan, 'Carrot', nan, nan, nan, nan, nan, nan, nan]","['2 cups ', nan, nan, nan, nan, nan, nan, '1 large ', ' ', ' ', ' ', ' ', ' ', nan, nan]",-1,,0
94,Apple Pie with A Crust,2016-09-01 09:54:38,16958,Alcoholic,Other/Unknown,http://www.thecocktaildb.com/images/media/drink/qspqxt1472720078.jpg,Collins Glass,,Just mix the two liquids and sprinkle in the cinnamon. Serve either cold or heated.,,"['Apple juice', nan, nan, nan, nan, nan, nan, 'Malibu rum', 'Cinnamon', nan, nan, nan, nan, nan, nan]","['3 parts ', nan, nan, nan, nan, nan, nan, '1 part ', '3 dashes ', ' ', ' ', ' ', ' ', ' ', nan]",-1,,0
95,Apple Slammer,2017-04-24 22:37:32,13683,Alcoholic,Shot,http://www.thecocktaildb.com/images/media/drink/09yd5f1493069852.jpg,Shot glass,,"pour into a shot glass and present to consumer, they are expected to cover the top of the shotglass with thier palm, raise the glass, slam it on the bar and the swallow quickly.",,"['7-Up', nan, nan, nan, nan, nan, nan, 'Apple schnapps', nan, nan, nan, nan, nan, nan, nan]","['1 part ', nan, nan, nan, nan, nan, nan, '1 part ', ' ', ' ', ' ', ' ', ' ', nan, nan]",-1,,0
96,Applecar,2017-09-02 23:02:44,11046,Alcoholic,Ordinary Drink,http://www.thecocktaildb.com/images/media/drink/sbffau1504389764.jpg,Cocktail glass,,"Shake all ingredients with ice, strain into a cocktail glass, and serve.",,"['Applejack', nan, nan, nan, nan, nan, nan, 'Triple sec', 'Lemon juice', nan, nan, nan, nan, nan, nan]","['1 oz ', nan, nan, nan, nan, nan, nan, '1 oz ', '1 oz ', ' ', ' ', ' ', ' ', ' ', nan]",-1,,0
97,Applejack,2016-11-15 11:24:22,16311,Alcoholic,Cocktail,http://www.thecocktaildb.com/images/media/drink/sutyqp1479209062.jpg,Cocktail glass,,"Add all ingredients into mixing glass, chill and strain into cocktail glass",,"['Jack Daniels', nan, nan, nan, nan, nan, nan, 'Midori melon liqueur', 'Sour mix', nan, nan, nan, nan, nan, nan]","['1 oz ', nan, nan, nan, nan, nan, nan, '1/2 oz ', '2 oz ', ' ', ' ', ' ', ' ', ' ', nan]",-1,,0
98,Apricot Lady,2017-09-02 23:03:34,11050,Alcoholic,Ordinary Drink,http://www.thecocktaildb.com/images/media/drink/146f251504389814.jpg,Old-fashioned glass,,"In a shaker half-filled with ice cubes, combine the rum, apricot brandy, triple sec, lemon juice, and egg white. Shake well. Strain into an old-fashioned glass almost filled with ice cubes. Garnish with the orange slice.",,"['Light rum', nan, nan, nan, nan, nan, nan, 'Apricot brandy', 'Triple sec', 'Lemon juice', 'Egg white', 'Orange', nan, nan, nan]","['1 1/2 oz ', ' ', ' ', nan, nan, nan, nan, '1 oz ', '1 tsp ', '1/2 oz ', '1 ', '1 ', ' ', ' ', ' ']",-1,,0
99,Apricot punch,2016-08-31 19:37:47,15849,Alcoholic,Punch / Party Drink,http://www.thecocktaildb.com/images/media/drink/tuxxtp1472668667.jpg,Punch bowl,,Pour all ingrediants into a large punch bowl. Add ice and 4 oranges that are peeled and divided.,,"['Apricot brandy', nan, nan, nan, nan, nan, nan, 'Champagne', 'Vodka', '7-Up', 'Orange juice', nan, nan, nan, nan]","['1 qt ', ' ', nan, nan, nan, nan, nan, '4 fifth ', '1 fifth ', '4 L ', '1/2 gal ', ' ', ' ', ' ', ' ']",-1,,0
